observation_date,NFCICREDIT
1971-01-08,-1.10267
1971-01-15,-1.10505
1971-01-22,-1.10858
1971-01-29,-1.11365
1971-02-05,-1.12070
1971-02-12,-1.13027
1971-02-19,-1.14292
1971-02-26,-1.15920
1971-03-05,-1.17967
1971-03-12,-1.20487
1971-03-19,-1.23527
1971-03-26,-1.27118
1971-04-02,-1.31261
1971-04-09,-1.35932
1971-04-16,-1.41052
1971-04-23,-1.46506
1971-04-30,-1.52145
1971-05-07,-1.57810
1971-05-14,-1.63343
1971-05-21,-1.68597
1971-05-28,-1.73439
1971-06-04,-1.77753
1971-06-11,-1.81436
1971-06-18,-1.84384
1971-06-25,-1.86510
1971-07-02,-1.87752
1971-07-09,-1.88063
1971-07-16,-1.87422
1971-07-23,-1.85839
1971-07-30,-1.83346
1971-08-06,-1.80009
1971-08-13,-1.75934
1971-08-20,-1.71260
1971-08-27,-1.66170
1971-09-03,-1.60849
1971-09-10,-1.55494
1971-09-17,-1.50288
1971-09-24,-1.45394
1971-10-01,-1.40951
1971-10-08,-1.37081
1971-10-15,-1.33883
1971-10-22,-1.31441
1971-10-29,-1.29804
1971-11-05,-1.29006
1971-11-12,-1.29052
1971-11-19,-1.29921
1971-11-26,-1.31576
1971-12-03,-1.33958
1971-12-10,-1.37005
1971-12-17,-1.40644
1971-12-24,-1.44799
1971-12-31,-1.49385
1972-01-07,-1.54322
1972-01-14,-1.59516
1972-01-21,-1.64874
1972-01-28,-1.70293
1972-02-04,-1.75681
1972-02-11,-1.80948
1972-02-18,-1.86018
1972-02-25,-1.90832
1972-03-03,-1.95342
1972-03-10,-1.99519
1972-03-17,-2.03339
1972-03-24,-2.06787
1972-03-31,-2.09862
1972-04-07,-2.12574
1972-04-14,-2.14941
1972-04-21,-2.16998
1972-04-28,-2.18790
1972-05-05,-2.20385
1972-05-12,-2.21841
1972-05-19,-2.23244
1972-05-26,-2.24670
1972-06-02,-2.26194
1972-06-09,-2.27877
1972-06-16,-2.29772
1972-06-23,-2.31921
1972-06-30,-2.34352
1972-07-07,-2.37085
1972-07-14,-2.40126
1972-07-21,-2.43467
1972-07-28,-2.47086
1972-08-04,-2.50943
1972-08-11,-2.54970
1972-08-18,-2.59100
1972-08-25,-2.63239
1972-09-01,-2.67287
1972-09-08,-2.71143
1972-09-15,-2.74714
1972-09-22,-2.77928
1972-09-29,-2.80738
1972-10-06,-2.83133
1972-10-13,-2.85136
1972-10-20,-2.86793
1972-10-27,-2.88174
1972-11-03,-2.89344
1972-11-10,-2.90388
1972-11-17,-2.91361
1972-11-24,-2.92316
1972-12-01,-2.93289
1972-12-08,-2.94301
1972-12-15,-2.95358
1972-12-22,-2.96458
1972-12-29,-2.97595
1973-01-05,-2.98762
1973-01-12,-2.99955
1973-01-19,-3.01166
1973-01-26,-3.02388
1973-02-02,-3.03584
1973-02-09,-3.04740
1973-02-16,-3.05786
1973-02-23,-3.06678
1973-03-02,-3.07362
1973-03-09,-3.07795
1973-03-16,-3.07943
1973-03-23,-3.07784
1973-03-30,-3.07307
1973-04-06,-3.06513
1973-04-13,-3.05405
1973-04-20,-3.03987
1973-04-27,-3.02261
1973-05-04,-3.00175
1973-05-11,-2.97705
1973-05-18,-2.94737
1973-05-25,-2.91186
1973-06-01,-2.86950
1973-06-08,-2.81945
1973-06-15,-2.76108
1973-06-22,-2.69403
1973-06-29,-2.61816
1973-07-06,-2.53352
1973-07-13,-2.44038
1973-07-20,-2.33921
1973-07-27,-2.23065
1973-08-03,-2.11521
1973-08-10,-1.99428
1973-08-17,-1.86836
1973-08-24,-1.73898
1973-08-31,-1.60764
1973-09-07,-1.47622
1973-09-14,-1.34698
1973-09-21,-1.22241
1973-09-28,-1.10519
1973-10-05,-0.99779
1973-10-12,-0.90255
1973-10-19,-0.82091
1973-10-26,-0.75362
1973-11-02,-0.70049
1973-11-09,-0.66080
1973-11-16,-0.63283
1973-11-23,-0.61516
1973-11-30,-0.60612
1973-12-07,-0.60429
1973-12-14,-0.60851
1973-12-21,-0.61789
1973-12-28,-0.63184
1974-01-04,-0.64984
1974-01-11,-0.67163
1974-01-18,-0.69663
1974-01-25,-0.72422
1974-02-01,-0.75315
1974-02-08,-0.78209
1974-02-15,-0.80916
1974-02-22,-0.83267
1974-03-01,-0.85084
1974-03-08,-0.86223
1974-03-15,-0.86572
1974-03-22,-0.86057
1974-03-29,-0.84651
1974-04-05,-0.82365
1974-04-12,-0.79261
1974-04-19,-0.75422
1974-04-26,-0.70945
1974-05-03,-0.65885
1974-05-10,-0.60346
1974-05-17,-0.54335
1974-05-24,-0.47905
1974-05-31,-0.41098
1974-06-07,-0.33979
1974-06-14,-0.26628
1974-06-21,-0.19149
1974-06-28,-0.11658
1974-07-05,-0.04262
1974-07-12,0.02908
1974-07-19,0.09782
1974-07-26,0.16325
1974-08-02,0.22569
1974-08-09,0.28555
1974-08-16,0.34446
1974-08-23,0.40320
1974-08-30,0.46252
1974-09-06,0.52247
1974-09-13,0.58231
1974-09-20,0.64063
1974-09-27,0.69546
1974-10-04,0.74466
1974-10-11,0.78593
1974-10-18,0.81756
1974-10-25,0.83818
1974-11-01,0.84711
1974-11-08,0.84423
1974-11-15,0.83017
1974-11-22,0.80536
1974-11-29,0.77044
1974-12-06,0.72579
1974-12-13,0.67150
1974-12-20,0.60736
1974-12-27,0.53303
1975-01-03,0.44833
1975-01-10,0.35313
1975-01-17,0.24788
1975-01-24,0.13328
1975-01-31,0.01054
1975-02-07,-0.11875
1975-02-14,-0.25297
1975-02-21,-0.39024
1975-02-28,-0.52861
1975-03-07,-0.66603
1975-03-14,-0.80049
1975-03-21,-0.93010
1975-03-28,-1.05319
1975-04-04,-1.16839
1975-04-11,-1.27488
1975-04-18,-1.37213
1975-04-25,-1.46005
1975-05-02,-1.53858
1975-05-09,-1.60824
1975-05-16,-1.66939
1975-05-23,-1.72281
1975-05-30,-1.76941
1975-06-06,-1.81023
1975-06-13,-1.84633
1975-06-20,-1.87881
1975-06-27,-1.90854
1975-07-04,-1.93617
1975-07-11,-1.96223
1975-07-18,-1.98678
1975-07-25,-2.00952
1975-08-01,-2.02958
1975-08-08,-2.04621
1975-08-15,-2.05794
1975-08-22,-2.06394
1975-08-29,-2.06358
1975-09-05,-2.05685
1975-09-12,-2.04432
1975-09-19,-2.02711
1975-09-26,-2.00678
1975-10-03,-1.98521
1975-10-10,-1.96449
1975-10-17,-1.94633
1975-10-24,-1.93210
1975-10-31,-1.92245
1975-11-07,-1.91748
1975-11-14,-1.91622
1975-11-21,-1.91785
1975-11-28,-1.92123
1975-12-05,-1.92559
1975-12-12,-1.93057
1975-12-19,-1.93621
1975-12-26,-1.94298
1976-01-02,-1.95153
1976-01-09,-1.96242
1976-01-16,-1.97604
1976-01-23,-1.99243
1976-01-30,-2.01123
1976-02-06,-2.03175
1976-02-13,-2.05306
1976-02-20,-2.07434
1976-02-27,-2.09473
1976-03-05,-2.11369
1976-03-12,-2.13086
1976-03-19,-2.14623
1976-03-26,-2.15998
1976-04-02,-2.17254
1976-04-09,-2.18427
1976-04-16,-2.19551
1976-04-23,-2.20636
1976-04-30,-2.21648
1976-05-07,-2.22523
1976-05-14,-2.23182
1976-05-21,-2.23528
1976-05-28,-2.23485
1976-06-04,-2.23003
1976-06-11,-2.22061
1976-06-18,-2.20668
1976-06-25,-2.18858
1976-07-02,-2.16681
1976-07-09,-2.14184
1976-07-16,-2.11422
1976-07-23,-2.08431
1976-07-30,-2.05229
1976-08-06,-2.01839
1976-08-13,-1.98269
1976-08-20,-1.94533
1976-08-27,-1.90658
1976-09-03,-1.86676
1976-09-10,-1.82631
1976-09-17,-1.78576
1976-09-24,-1.74576
1976-10-01,-1.70704
1976-10-08,-1.67030
1976-10-15,-1.63630
1976-10-22,-1.60555
1976-10-29,-1.57843
1976-11-05,-1.55530
1976-11-12,-1.53629
1976-11-19,-1.52197
1976-11-26,-1.51288
1976-12-03,-1.50971
1976-12-10,-1.51307
1976-12-17,-1.52330
1976-12-24,-1.54026
1976-12-31,-1.56330
1977-01-07,-1.59134
1977-01-14,-1.62285
1977-01-21,-1.65609
1977-01-28,-1.68939
1977-02-04,-1.72115
1977-02-11,-1.74990
1977-02-18,-1.77466
1977-02-25,-1.79454
1977-03-04,-1.80900
1977-03-11,-1.81775
1977-03-18,-1.82071
1977-03-25,-1.81800
1977-04-01,-1.80987
1977-04-08,-1.79659
1977-04-15,-1.77844
1977-04-22,-1.75570
1977-04-29,-1.72868
1977-05-06,-1.69776
1977-05-13,-1.66342
1977-05-20,-1.62647
1977-05-27,-1.58777
1977-06-03,-1.54837
1977-06-10,-1.50932
1977-06-17,-1.47168
1977-06-24,-1.43641
1977-07-01,-1.40436
1977-07-08,-1.37616
1977-07-15,-1.35221
1977-07-22,-1.33256
1977-07-29,-1.31699
1977-08-05,-1.30500
1977-08-12,-1.29592
1977-08-19,-1.28912
1977-08-26,-1.28390
1977-09-02,-1.27971
1977-09-09,-1.27598
1977-09-16,-1.27215
1977-09-23,-1.26767
1977-09-30,-1.26202
1977-10-07,-1.25461
1977-10-14,-1.24496
1977-10-21,-1.23247
1977-10-28,-1.21654
1977-11-04,-1.19637
1977-11-11,-1.17123
1977-11-18,-1.14030
1977-11-25,-1.10293
1977-12-02,-1.05868
1977-12-09,-1.00744
1977-12-16,-0.94945
1977-12-23,-0.88537
1977-12-30,-0.81629
1978-01-06,-0.74353
1978-01-13,-0.66899
1978-01-20,-0.59444
1978-01-27,-0.52182
1978-02-03,-0.45269
1978-02-10,-0.38851
1978-02-17,-0.32978
1978-02-24,-0.27662
1978-03-03,-0.22873
1978-03-10,-0.18536
1978-03-17,-0.14584
1978-03-24,-0.10958
1978-03-31,-0.07619
1978-04-07,-0.04548
1978-04-14,-0.01753
1978-04-21,0.00764
1978-04-28,0.02979
1978-05-05,0.04902
1978-05-12,0.06524
1978-05-19,0.07899
1978-05-26,0.09079
1978-06-02,0.10150
1978-06-09,0.11201
1978-06-16,0.12324
1978-06-23,0.13585
1978-06-30,0.15016
1978-07-07,0.16623
1978-07-14,0.18360
1978-07-21,0.20176
1978-07-28,0.21995
1978-08-04,0.23771
1978-08-11,0.25436
1978-08-18,0.26996
1978-08-25,0.28463
1978-09-01,0.29881
1978-09-08,0.31312
1978-09-15,0.32834
1978-09-22,0.34495
1978-09-29,0.36324
1978-10-06,0.38324
1978-10-13,0.40449
1978-10-20,0.42652
1978-10-27,0.44870
1978-11-03,0.47078
1978-11-10,0.49209
1978-11-17,0.51285
1978-11-24,0.53289
1978-12-01,0.55235
1978-12-08,0.57132
1978-12-15,0.58988
1978-12-22,0.60794
1978-12-29,0.62526
1979-01-05,0.64143
1979-01-12,0.65566
1979-01-19,0.66743
1979-01-26,0.67636
1979-02-02,0.68266
1979-02-09,0.68647
1979-02-16,0.68931
1979-02-23,0.69221
1979-03-02,0.69651
1979-03-09,0.70330
1979-03-16,0.71347
1979-03-23,0.72749
1979-03-30,0.74554
1979-04-06,0.76761
1979-04-13,0.79343
1979-04-20,0.82288
1979-04-27,0.85572
1979-05-04,0.89193
1979-05-11,0.93121
1979-05-18,0.97365
1979-05-25,1.01849
1979-06-01,1.06495
1979-06-08,1.11196
1979-06-15,1.15820
1979-06-22,1.20239
1979-06-29,1.24344
1979-07-06,1.28056
1979-07-13,1.31321
1979-07-20,1.34158
1979-07-27,1.36607
1979-08-03,1.38791
1979-08-10,1.40845
1979-08-17,1.42927
1979-08-24,1.45161
1979-08-31,1.47649
1979-09-07,1.50432
1979-09-14,1.53500
1979-09-21,1.56834
1979-09-28,1.60397
1979-10-05,1.64142
1979-10-12,1.68009
1979-10-19,1.71928
1979-10-26,1.75788
1979-11-02,1.79533
1979-11-09,1.82983
1979-11-16,1.86115
1979-11-23,1.88848
1979-11-30,1.91160
1979-12-07,1.93038
1979-12-14,1.94549
1979-12-21,1.95802
1979-12-28,1.96964
1980-01-04,1.98268
1980-01-11,2.00000
1980-01-18,2.02470
1980-01-25,2.06017
1980-02-01,2.10984
1980-02-08,2.17639
1980-02-15,2.26271
1980-02-22,2.36917
1980-02-29,2.49472
1980-03-07,2.63575
1980-03-14,2.78675
1980-03-21,2.94020
1980-03-28,3.08820
1980-04-04,3.22269
1980-04-11,3.33591
1980-04-18,3.42142
1980-04-25,3.47404
1980-05-02,3.49031
1980-05-09,3.46963
1980-05-16,3.41288
1980-05-23,3.32312
1980-05-30,3.20495
1980-06-06,3.06365
1980-06-13,2.90521
1980-06-20,2.73582
1980-06-27,2.56208
1980-07-04,2.39052
1980-07-11,2.22782
1980-07-18,2.07940
1980-07-25,1.94953
1980-08-01,1.84094
1980-08-08,1.75523
1980-08-15,1.69179
1980-08-22,1.64998
1980-08-29,1.62839
1980-09-05,1.62538
1980-09-12,1.63890
1980-09-19,1.66685
1980-09-26,1.70699
1980-10-03,1.75699
1980-10-10,1.81477
1980-10-17,1.87828
1980-10-24,1.94611
1980-10-31,2.01725
1980-11-07,2.09038
1980-11-14,2.16484
1980-11-21,2.23974
1980-11-28,2.31411
1980-12-05,2.38684
1980-12-12,2.45678
1980-12-19,2.52250
1980-12-26,2.58247
1981-01-02,2.63464
1981-01-09,2.67745
1981-01-16,2.70928
1981-01-23,2.72929
1981-01-30,2.73733
1981-02-06,2.73388
1981-02-13,2.72013
1981-02-20,2.69778
1981-02-27,2.66843
1981-03-06,2.63410
1981-03-13,2.59728
1981-03-20,2.56074
1981-03-27,2.52771
1981-04-03,2.50135
1981-04-10,2.48460
1981-04-17,2.47896
1981-04-24,2.48465
1981-05-01,2.50059
1981-05-08,2.52431
1981-05-15,2.55310
1981-05-22,2.58354
1981-05-29,2.61241
1981-06-05,2.63693
1981-06-12,2.65515
1981-06-19,2.66648
1981-06-26,2.67182
1981-07-03,2.67325
1981-07-10,2.67417
1981-07-17,2.67731
1981-07-24,2.68491
1981-07-31,2.69833
1981-08-07,2.71767
1981-08-14,2.74311
1981-08-21,2.77433
1981-08-28,2.81146
1981-09-04,2.85438
1981-09-11,2.90287
1981-09-18,2.95590
1981-09-25,3.01204
1981-10-02,3.06962
1981-10-09,3.12705
1981-10-16,3.18205
1981-10-23,3.23253
1981-10-30,3.27600
1981-11-06,3.30987
1981-11-13,3.33179
1981-11-20,3.34051
1981-11-27,3.33657
1981-12-04,3.32185
1981-12-11,3.29971
1981-12-18,3.27379
1981-12-25,3.24771
1982-01-01,3.22452
1982-01-08,3.20621
1982-01-15,3.19397
1982-01-22,3.18811
1982-01-29,3.18791
1982-02-05,3.19196
1982-02-12,3.19802
1982-02-19,3.20427
1982-02-26,3.20893
1982-03-05,3.21085
1982-03-12,3.20994
1982-03-19,3.20647
1982-03-26,3.20096
1982-04-02,3.19375
1982-04-09,3.18507
1982-04-16,3.17474
1982-04-23,3.16242
1982-04-30,3.14773
1982-05-07,3.13043
1982-05-14,3.11055
1982-05-21,3.08852
1982-05-28,3.06521
1982-06-04,3.04186
1982-06-11,3.02020
1982-06-18,3.00145
1982-06-25,2.98644
1982-07-02,2.97521
1982-07-09,2.96692
1982-07-16,2.96002
1982-07-23,2.95274
1982-07-30,2.94317
1982-08-06,2.92946
1982-08-13,2.91046
1982-08-20,2.88518
1982-08-27,2.85332
1982-09-03,2.81528
1982-09-10,2.77219
1982-09-17,2.72471
1982-09-24,2.67363
1982-10-01,2.61919
1982-10-08,2.56128
1982-10-15,2.49977
1982-10-22,2.43438
1982-10-29,2.36518
1982-11-05,2.29196
1982-11-12,2.21509
1982-11-19,2.13402
1982-11-26,2.04920
1982-12-03,1.96106
1982-12-10,1.87074
1982-12-17,1.77931
1982-12-24,1.68810
1982-12-31,1.59818
1983-01-07,1.51038
1983-01-14,1.42536
1983-01-21,1.34368
1983-01-28,1.26584
1983-02-04,1.19184
1983-02-11,1.12170
1983-02-18,1.05422
1983-02-25,0.98863
1983-03-04,0.92376
1983-03-11,0.85895
1983-03-18,0.79404
1983-03-25,0.72934
1983-04-01,0.66543
1983-04-08,0.60300
1983-04-15,0.54281
1983-04-22,0.48537
1983-04-29,0.43125
1983-05-06,0.38093
1983-05-13,0.33498
1983-05-20,0.29357
1983-05-27,0.25720
1983-06-03,0.22588
1983-06-10,0.19978
1983-06-17,0.17899
1983-06-24,0.16356
1983-07-01,0.15370
1983-07-08,0.14960
1983-07-15,0.15123
1983-07-22,0.15838
1983-07-29,0.17049
1983-08-05,0.18694
1983-08-12,0.20651
1983-08-19,0.22851
1983-08-26,0.25186
1983-09-02,0.27558
1983-09-09,0.29889
1983-09-16,0.32063
1983-09-23,0.33986
1983-09-30,0.35574
1983-10-07,0.36757
1983-10-14,0.37499
1983-10-21,0.37805
1983-10-28,0.37674
1983-11-04,0.37142
1983-11-11,0.36215
1983-11-18,0.34925
1983-11-25,0.33296
1983-12-02,0.31369
1983-12-09,0.29183
1983-12-16,0.26782
1983-12-23,0.24190
1983-12-30,0.21396
1984-01-06,0.18381
1984-01-13,0.15114
1984-01-20,0.11577
1984-01-27,0.07773
1984-02-03,0.03772
1984-02-10,-0.00364
1984-02-17,-0.04507
1984-02-24,-0.08532
1984-03-02,-0.12305
1984-03-09,-0.15697
1984-03-16,-0.18581
1984-03-23,-0.20867
1984-03-30,-0.22492
1984-04-06,-0.23439
1984-04-13,-0.23734
1984-04-20,-0.23433
1984-04-27,-0.22585
1984-05-04,-0.21192
1984-05-11,-0.19295
1984-05-18,-0.16812
1984-05-25,-0.13722
1984-06-01,-0.10005
1984-06-08,-0.05672
1984-06-15,-0.00775
1984-06-22,0.04603
1984-06-29,0.10356
1984-07-06,0.16340
1984-07-13,0.22371
1984-07-20,0.28230
1984-07-27,0.33697
1984-08-03,0.38583
1984-08-10,0.42722
1984-08-17,0.46093
1984-08-24,0.48686
1984-08-31,0.50549
1984-09-07,0.51746
1984-09-14,0.52341
1984-09-21,0.52392
1984-09-28,0.51969
1984-10-05,0.51126
1984-10-12,0.49928
1984-10-19,0.48385
1984-10-26,0.46483
1984-11-02,0.44171
1984-11-09,0.41402
1984-11-16,0.38155
1984-11-23,0.34444
1984-11-30,0.30320
1984-12-07,0.25874
1984-12-14,0.21222
1984-12-21,0.16495
1984-12-28,0.11837
1985-01-04,0.07406
1985-01-11,0.03380
1985-01-18,-0.00110
1985-01-25,-0.02950
1985-02-01,-0.05078
1985-02-08,-0.06462
1985-02-15,-0.07103
1985-02-22,-0.07024
1985-03-01,-0.06255
1985-03-08,-0.04845
1985-03-15,-0.02887
1985-03-22,-0.00508
1985-03-29,0.02130
1985-04-05,0.04839
1985-04-12,0.07424
1985-04-19,0.09695
1985-04-26,0.11480
1985-05-03,0.12627
1985-05-10,0.13013
1985-05-17,0.12537
1985-05-24,0.11148
1985-05-31,0.08859
1985-06-07,0.05743
1985-06-14,0.01942
1985-06-21,-0.02360
1985-06-28,-0.06958
1985-07-05,-0.11640
1985-07-12,-0.16215
1985-07-19,-0.20515
1985-07-26,-0.24403
1985-08-02,-0.27794
1985-08-09,-0.30640
1985-08-16,-0.32954
1985-08-23,-0.34766
1985-08-30,-0.36128
1985-09-06,-0.37086
1985-09-13,-0.37676
1985-09-20,-0.37930
1985-09-27,-0.37875
1985-10-04,-0.37548
1985-10-11,-0.36997
1985-10-18,-0.36279
1985-10-25,-0.35468
1985-11-01,-0.34651
1985-11-08,-0.33907
1985-11-15,-0.33333
1985-11-22,-0.33000
1985-11-29,-0.32971
1985-12-06,-0.33289
1985-12-13,-0.33963
1985-12-20,-0.34986
1985-12-27,-0.36315
1986-01-03,-0.37886
1986-01-10,-0.39610
1986-01-17,-0.41392
1986-01-24,-0.43146
1986-01-31,-0.44818
1986-02-07,-0.46360
1986-02-14,-0.47787
1986-02-21,-0.49114
1986-02-28,-0.50375
1986-03-07,-0.51610
1986-03-14,-0.52836
1986-03-21,-0.54083
1986-03-28,-0.55356
1986-04-04,-0.56649
1986-04-11,-0.57917
1986-04-18,-0.59082
1986-04-25,-0.60035
1986-05-02,-0.60646
1986-05-09,-0.60767
1986-05-16,-0.60309
1986-05-23,-0.59205
1986-05-30,-0.57466
1986-06-06,-0.55169
1986-06-13,-0.52457
1986-06-20,-0.49540
1986-06-27,-0.46650
1986-07-04,-0.44017
1986-07-11,-0.41846
1986-07-18,-0.40270
1986-07-25,-0.39359
1986-08-01,-0.39137
1986-08-08,-0.39524
1986-08-15,-0.40450
1986-08-22,-0.41754
1986-08-29,-0.43233
1986-09-05,-0.44666
1986-09-12,-0.45819
1986-09-19,-0.46512
1986-09-26,-0.46619
1986-10-03,-0.46089
1986-10-10,-0.44925
1986-10-17,-0.43167
1986-10-24,-0.40880
1986-10-31,-0.38169
1986-11-07,-0.35126
1986-11-14,-0.31957
1986-11-21,-0.28779
1986-11-28,-0.25734
1986-12-05,-0.22916
1986-12-12,-0.20351
1986-12-19,-0.18055
1986-12-26,-0.16048
1987-01-02,-0.14375
1987-01-09,-0.13083
1987-01-16,-0.12261
1987-01-23,-0.11923
1987-01-30,-0.12055
1987-02-06,-0.12607
1987-02-13,-0.13496
1987-02-20,-0.14664
1987-02-27,-0.16072
1987-03-06,-0.17677
1987-03-13,-0.19435
1987-03-20,-0.21275
1987-03-27,-0.23097
1987-04-03,-0.24793
1987-04-10,-0.26245
1987-04-17,-0.27386
1987-04-24,-0.28172
1987-05-01,-0.28577
1987-05-08,-0.28613
1987-05-15,-0.28308
1987-05-22,-0.27713
1987-05-29,-0.26911
1987-06-05,-0.26020
1987-06-12,-0.25168
1987-06-19,-0.24487
1987-06-26,-0.24092
1987-07-03,-0.24062
1987-07-10,-0.24449
1987-07-17,-0.25263
1987-07-24,-0.26447
1987-07-31,-0.27899
1987-08-07,-0.29481
1987-08-14,-0.30992
1987-08-21,-0.32248
1987-08-28,-0.33068
1987-09-04,-0.33305
1987-09-11,-0.32871
1987-09-18,-0.31712
1987-09-25,-0.29815
1987-10-02,-0.27242
1987-10-09,-0.24125
1987-10-16,-0.20667
1987-10-23,-0.17101
1987-10-30,-0.13730
1987-11-06,-0.10796
1987-11-13,-0.08422
1987-11-20,-0.06659
1987-11-27,-0.05451
1987-12-04,-0.04692
1987-12-11,-0.04259
1987-12-18,-0.04041
1987-12-25,-0.03961
1988-01-01,-0.03969
1988-01-08,-0.04022
1988-01-15,-0.04101
1988-01-22,-0.04218
1988-01-29,-0.04414
1988-02-05,-0.04738
1988-02-12,-0.05221
1988-02-19,-0.05907
1988-02-26,-0.06780
1988-03-04,-0.07798
1988-03-11,-0.08898
1988-03-18,-0.10015
1988-03-25,-0.11089
1988-04-01,-0.12071
1988-04-08,-0.12925
1988-04-15,-0.13645
1988-04-22,-0.14239
1988-04-29,-0.14724
1988-05-06,-0.15126
1988-05-13,-0.15499
1988-05-20,-0.15875
1988-05-27,-0.16281
1988-06-03,-0.16741
1988-06-10,-0.17258
1988-06-17,-0.17821
1988-06-24,-0.18413
1988-07-01,-0.18994
1988-07-08,-0.19514
1988-07-15,-0.19923
1988-07-22,-0.20138
1988-07-29,-0.20085
1988-08-05,-0.19693
1988-08-12,-0.18917
1988-08-19,-0.17722
1988-08-26,-0.16144
1988-09-02,-0.14253
1988-09-09,-0.12165
1988-09-16,-0.10033
1988-09-23,-0.08002
1988-09-30,-0.06210
1988-10-07,-0.04759
1988-10-14,-0.03683
1988-10-21,-0.02968
1988-10-28,-0.02551
1988-11-04,-0.02318
1988-11-11,-0.02135
1988-11-18,-0.01874
1988-11-25,-0.01438
1988-12-02,-0.00764
1988-12-09,0.00158
1988-12-16,0.01277
1988-12-23,0.02534
1988-12-30,0.03850
1989-01-06,0.05159
1989-01-13,0.06412
1989-01-20,0.07581
1989-01-27,0.08676
1989-02-03,0.09727
1989-02-10,0.10782
1989-02-17,0.11913
1989-02-24,0.13190
1989-03-03,0.14663
1989-03-10,0.16344
1989-03-17,0.18209
1989-03-24,0.20193
1989-03-31,0.22198
1989-04-07,0.24109
1989-04-14,0.25821
1989-04-21,0.27274
1989-04-28,0.28460
1989-05-05,0.29381
1989-05-12,0.30130
1989-05-19,0.30774
1989-05-26,0.31389
1989-06-02,0.32031
1989-06-09,0.32735
1989-06-16,0.33507
1989-06-23,0.34332
1989-06-30,0.35167
1989-07-07,0.35961
1989-07-14,0.36689
1989-07-21,0.37336
1989-07-28,0.37933
1989-08-04,0.38512
1989-08-11,0.39182
1989-08-18,0.39983
1989-08-25,0.40982
1989-09-01,0.42200
1989-09-08,0.43650
1989-09-15,0.45308
1989-09-22,0.47127
1989-09-29,0.49046
1989-10-06,0.50995
1989-10-13,0.52899
1989-10-20,0.54684
1989-10-27,0.56301
1989-11-03,0.57718
1989-11-10,0.58964
1989-11-17,0.60027
1989-11-24,0.60941
1989-12-01,0.61719
1989-12-08,0.62373
1989-12-15,0.62901
1989-12-22,0.63339
1989-12-29,0.63748
1990-01-05,0.64219
1990-01-12,0.64873
1990-01-19,0.65804
1990-01-26,0.67057
1990-02-02,0.68609
1990-02-09,0.70371
1990-02-16,0.72198
1990-02-23,0.73935
1990-03-02,0.75480
1990-03-09,0.76750
1990-03-16,0.77714
1990-03-23,0.78374
1990-03-30,0.78738
1990-04-06,0.78853
1990-04-13,0.78771
1990-04-20,0.78540
1990-04-27,0.78220
1990-05-04,0.77866
1990-05-11,0.77474
1990-05-18,0.77025
1990-05-25,0.76507
1990-06-01,0.75926
1990-06-08,0.75321
1990-06-15,0.74770
1990-06-22,0.74374
1990-06-29,0.74255
1990-07-06,0.74501
1990-07-13,0.75165
1990-07-20,0.76303
1990-07-27,0.77956
1990-08-03,0.80129
1990-08-10,0.82814
1990-08-17,0.85986
1990-08-24,0.89572
1990-08-31,0.93473
1990-09-07,0.97581
1990-09-14,1.01787
1990-09-21,1.06024
1990-09-28,1.10234
1990-10-05,1.14332
1990-10-12,1.18290
1990-10-19,1.22040
1990-10-26,1.25489
1990-11-02,1.28572
1990-11-09,1.31242
1990-11-16,1.33455
1990-11-23,1.35193
1990-11-30,1.36447
1990-12-07,1.37214
1990-12-14,1.37490
1990-12-21,1.37247
1990-12-28,1.36437
1991-01-04,1.35025
1991-01-11,1.32966
1991-01-18,1.30210
1991-01-25,1.26718
1991-02-01,1.22495
1991-02-08,1.17592
1991-02-15,1.12086
1991-02-22,1.06159
1991-03-01,1.00021
1991-03-08,0.93932
1991-03-15,0.88112
1991-03-22,0.82706
1991-03-29,0.77813
1991-04-05,0.73459
1991-04-12,0.69584
1991-04-19,0.66149
1991-04-26,0.63115
1991-05-03,0.60437
1991-05-10,0.58079
1991-05-17,0.55980
1991-05-24,0.54103
1991-05-31,0.52394
1991-06-07,0.50820
1991-06-14,0.49364
1991-06-21,0.48031
1991-06-28,0.46829
1991-07-05,0.45769
1991-07-12,0.44856
1991-07-19,0.44107
1991-07-26,0.43512
1991-08-02,0.43029
1991-08-09,0.42612
1991-08-16,0.42179
1991-08-23,0.41668
1991-08-30,0.41016
1991-09-06,0.40191
1991-09-13,0.39186
1991-09-20,0.37995
1991-09-27,0.36602
1991-10-04,0.35048
1991-10-11,0.33366
1991-10-18,0.31662
1991-10-25,0.30052
1991-11-01,0.28665
1991-11-08,0.27600
1991-11-15,0.26875
1991-11-22,0.26442
1991-11-29,0.26182
1991-12-06,0.25938
1991-12-13,0.25536
1991-12-20,0.24797
1991-12-27,0.23571
1992-01-03,0.21845
1992-01-10,0.19543
1992-01-17,0.16774
1992-01-24,0.13681
1992-01-31,0.10431
1992-02-07,0.07232
1992-02-14,0.04238
1992-02-21,0.01574
1992-02-28,-0.00677
1992-03-06,-0.02504
1992-03-13,-0.03951
1992-03-20,-0.05082
1992-03-27,-0.05998
1992-04-03,-0.06817
1992-04-10,-0.07638
1992-04-17,-0.08506
1992-04-24,-0.09456
1992-05-01,-0.10475
1992-05-08,-0.11537
1992-05-15,-0.12618
1992-05-22,-0.13683
1992-05-29,-0.14704
1992-06-05,-0.15633
1992-06-12,-0.16414
1992-06-19,-0.17007
1992-06-26,-0.17396
1992-07-03,-0.17575
1992-07-10,-0.17577
1992-07-17,-0.17421
1992-07-24,-0.17105
1992-07-31,-0.16596
1992-08-07,-0.15851
1992-08-14,-0.14836
1992-08-21,-0.13581
1992-08-28,-0.12177
1992-09-04,-0.10750
1992-09-11,-0.09499
1992-09-18,-0.08567
1992-09-25,-0.08044
1992-10-02,-0.07961
1992-10-09,-0.08306
1992-10-16,-0.08997
1992-10-23,-0.09945
1992-10-30,-0.11035
1992-11-06,-0.12167
1992-11-13,-0.13212
1992-11-20,-0.14097
1992-11-27,-0.14771
1992-12-04,-0.15240
1992-12-11,-0.15544
1992-12-18,-0.15749
1992-12-25,-0.15910
1993-01-01,-0.16079
1993-01-08,-0.16268
1993-01-15,-0.16456
1993-01-22,-0.16632
1993-01-29,-0.16789
1993-02-05,-0.16943
1993-02-12,-0.17118
1993-02-19,-0.17367
1993-02-26,-0.17739
1993-03-05,-0.18283
1993-03-12,-0.19009
1993-03-19,-0.19937
1993-03-26,-0.21053
1993-04-02,-0.22334
1993-04-09,-0.23741
1993-04-16,-0.25219
1993-04-23,-0.26728
1993-04-30,-0.28209
1993-05-07,-0.29619
1993-05-14,-0.30922
1993-05-21,-0.32127
1993-05-28,-0.33234
1993-06-04,-0.34266
1993-06-11,-0.35254
1993-06-18,-0.36196
1993-06-25,-0.37064
1993-07-02,-0.37800
1993-07-09,-0.38320
1993-07-16,-0.38516
1993-07-23,-0.38330
1993-07-30,-0.37725
1993-08-06,-0.36733
1993-08-13,-0.35446
1993-08-20,-0.33997
1993-08-27,-0.32540
1993-09-03,-0.31222
1993-09-10,-0.30155
1993-09-17,-0.29429
1993-09-24,-0.29095
1993-10-01,-0.29162
1993-10-08,-0.29633
1993-10-15,-0.30463
1993-10-22,-0.31595
1993-10-29,-0.32940
1993-11-05,-0.34408
1993-11-12,-0.35927
1993-11-19,-0.37457
1993-11-26,-0.39008
1993-12-03,-0.40611
1993-12-10,-0.42325
1993-12-17,-0.44182
1993-12-24,-0.46165
1993-12-31,-0.48228
1994-01-07,-0.50303
1994-01-14,-0.52274
1994-01-21,-0.54063
1994-01-28,-0.55593
1994-02-04,-0.56782
1994-02-11,-0.57594
1994-02-18,-0.57989
1994-02-25,-0.57972
1994-03-04,-0.57560
1994-03-11,-0.56826
1994-03-18,-0.55819
1994-03-25,-0.54588
1994-04-01,-0.53156
1994-04-08,-0.51553
1994-04-15,-0.49776
1994-04-22,-0.47869
1994-04-29,-0.45897
1994-05-06,-0.43908
1994-05-13,-0.42035
1994-05-20,-0.40306
1994-05-27,-0.38813
1994-06-03,-0.37578
1994-06-10,-0.36643
1994-06-17,-0.35985
1994-06-24,-0.35577
1994-07-01,-0.35378
1994-07-08,-0.35356
1994-07-15,-0.35470
1994-07-22,-0.35707
1994-07-29,-0.36048
1994-08-05,-0.36447
1994-08-12,-0.36897
1994-08-19,-0.37314
1994-08-26,-0.37699
1994-09-02,-0.38035
1994-09-09,-0.38318
1994-09-16,-0.38553
1994-09-23,-0.38703
1994-09-30,-0.38709
1994-10-07,-0.38508
1994-10-14,-0.38021
1994-10-21,-0.37219
1994-10-28,-0.36082
1994-11-04,-0.34588
1994-11-11,-0.32791
1994-11-18,-0.30681
1994-11-25,-0.28348
1994-12-02,-0.25915
1994-12-09,-0.23539
1994-12-16,-0.21404
1994-12-23,-0.19638
1994-12-30,-0.18310
1995-01-06,-0.17412
1995-01-13,-0.16863
1995-01-20,-0.16606
1995-01-27,-0.16578
1995-02-03,-0.16728
1995-02-10,-0.17076
1995-02-17,-0.17530
1995-02-24,-0.18044
1995-03-03,-0.18535
1995-03-10,-0.18924
1995-03-17,-0.19184
1995-03-24,-0.19339
1995-03-31,-0.19443
1995-04-07,-0.19560
1995-04-14,-0.19765
1995-04-21,-0.20070
1995-04-28,-0.20462
1995-05-05,-0.20909
1995-05-12,-0.21382
1995-05-19,-0.21835
1995-05-26,-0.22281
1995-06-02,-0.22724
1995-06-09,-0.23188
1995-06-16,-0.23679
1995-06-23,-0.24188
1995-06-30,-0.24689
1995-07-07,-0.25129
1995-07-14,-0.25456
1995-07-21,-0.25612
1995-07-28,-0.25565
1995-08-04,-0.25290
1995-08-11,-0.24819
1995-08-18,-0.24176
1995-08-25,-0.23446
1995-09-01,-0.22712
1995-09-08,-0.22074
1995-09-15,-0.21602
1995-09-22,-0.21320
1995-09-29,-0.21192
1995-10-06,-0.21150
1995-10-13,-0.21078
1995-10-20,-0.20896
1995-10-27,-0.20556
1995-11-03,-0.20043
1995-11-10,-0.19417
1995-11-17,-0.18715
1995-11-24,-0.18014
1995-12-01,-0.17384
1995-12-08,-0.16902
1995-12-15,-0.16644
1995-12-22,-0.16674
1995-12-29,-0.17034
1996-01-05,-0.17739
1996-01-12,-0.18759
1996-01-19,-0.20028
1996-01-26,-0.21486
1996-02-02,-0.23038
1996-02-09,-0.24605
1996-02-16,-0.26098
1996-02-23,-0.27443
1996-03-01,-0.28565
1996-03-08,-0.29414
1996-03-15,-0.29955
1996-03-22,-0.30197
1996-03-29,-0.30176
1996-04-05,-0.29954
1996-04-12,-0.29620
1996-04-19,-0.29263
1996-04-26,-0.28971
1996-05-03,-0.28788
1996-05-10,-0.28763
1996-05-17,-0.28875
1996-05-24,-0.29115
1996-05-31,-0.29455
1996-06-07,-0.29864
1996-06-14,-0.30331
1996-06-21,-0.30833
1996-06-28,-0.31349
1996-07-05,-0.31872
1996-07-12,-0.32374
1996-07-19,-0.32863
1996-07-26,-0.33353
1996-08-02,-0.33831
1996-08-09,-0.34328
1996-08-16,-0.34782
1996-08-23,-0.35151
1996-08-30,-0.35368
1996-09-06,-0.35374
1996-09-13,-0.35152
1996-09-20,-0.34716
1996-09-27,-0.34115
1996-10-04,-0.33440
1996-10-11,-0.32779
1996-10-18,-0.32211
1996-10-25,-0.31799
1996-11-01,-0.31557
1996-11-08,-0.31498
1996-11-15,-0.31539
1996-11-22,-0.31623
1996-11-29,-0.31648
1996-12-06,-0.31508
1996-12-13,-0.31115
1996-12-20,-0.30423
1996-12-27,-0.29453
1997-01-03,-0.28293
1997-01-10,-0.27038
1997-01-17,-0.25882
1997-01-24,-0.24915
1997-01-31,-0.24172
1997-02-07,-0.23651
1997-02-14,-0.23266
1997-02-21,-0.22935
1997-02-28,-0.22589
1997-03-07,-0.22191
1997-03-14,-0.21786
1997-03-21,-0.21405
1997-03-28,-0.21106
1997-04-04,-0.20931
1997-04-11,-0.20928
1997-04-18,-0.21092
1997-04-25,-0.21399
1997-05-02,-0.21773
1997-05-09,-0.22145
1997-05-16,-0.22363
1997-05-23,-0.22356
1997-05-30,-0.22107
1997-06-06,-0.21655
1997-06-13,-0.21128
1997-06-20,-0.20651
1997-06-27,-0.20343
1997-07-04,-0.20295
1997-07-11,-0.20513
1997-07-18,-0.20978
1997-07-25,-0.21648
1997-08-01,-0.22429
1997-08-08,-0.23265
1997-08-15,-0.24031
1997-08-22,-0.24673
1997-08-29,-0.25156
1997-09-05,-0.25470
1997-09-12,-0.25645
1997-09-19,-0.25706
1997-09-26,-0.25654
1997-10-03,-0.25430
1997-10-10,-0.24991
1997-10-17,-0.24254
1997-10-24,-0.23168
1997-10-31,-0.21728
1997-11-07,-0.19979
1997-11-14,-0.18000
1997-11-21,-0.15938
1997-11-28,-0.14006
1997-12-05,-0.12421
1997-12-12,-0.11503
1997-12-19,-0.11427
1997-12-26,-0.12269
1998-01-02,-0.13945
1998-01-09,-0.16275
1998-01-16,-0.18822
1998-01-23,-0.21285
1998-01-30,-0.23363
1998-02-06,-0.24850
1998-02-13,-0.25657
1998-02-20,-0.25808
1998-02-27,-0.25428
1998-03-06,-0.24713
1998-03-13,-0.23904
1998-03-20,-0.23196
1998-03-27,-0.22754
1998-04-03,-0.22588
1998-04-10,-0.22601
1998-04-17,-0.22604
1998-04-24,-0.22453
1998-05-01,-0.21964
1998-05-08,-0.21076
1998-05-15,-0.19771
1998-05-22,-0.18090
1998-05-29,-0.16129
1998-06-05,-0.14040
1998-06-12,-0.11972
1998-06-19,-0.10183
1998-06-26,-0.08817
1998-07-03,-0.07942
1998-07-10,-0.07534
1998-07-17,-0.07404
1998-07-24,-0.07296
1998-07-31,-0.06904
1998-08-07,-0.06046
1998-08-14,-0.04598
1998-08-21,-0.02576
1998-08-28,-0.00105
1998-09-04,0.02645
1998-09-11,0.05487
1998-09-18,0.08280
1998-09-25,0.10957
1998-10-02,0.13447
1998-10-09,0.15698
1998-10-16,0.17717
1998-10-23,0.19420
1998-10-30,0.20724
1998-11-06,0.21623
1998-11-13,0.22110
1998-11-20,0.22139
1998-11-27,0.21638
1998-12-04,0.20557
1998-12-11,0.18774
1998-12-18,0.16305
1998-12-25,0.13256
1999-01-01,0.09862
1999-01-08,0.06418
1999-01-15,0.03175
1999-01-22,0.00309
1999-01-29,-0.02099
1999-02-05,-0.04038
1999-02-12,-0.05578
1999-02-19,-0.06755
1999-02-26,-0.07611
1999-03-05,-0.08209
1999-03-12,-0.08603
1999-03-19,-0.08867
1999-03-26,-0.09078
1999-04-02,-0.09297
1999-04-09,-0.09526
1999-04-16,-0.09768
1999-04-23,-0.09966
1999-04-30,-0.10059
1999-05-07,-0.09994
1999-05-14,-0.09743
1999-05-21,-0.09298
1999-05-28,-0.08714
1999-06-04,-0.08068
1999-06-11,-0.07417
1999-06-18,-0.06829
1999-06-25,-0.06345
1999-07-02,-0.05959
1999-07-09,-0.05633
1999-07-16,-0.05345
1999-07-23,-0.05062
1999-07-30,-0.04747
1999-08-06,-0.04376
1999-08-13,-0.03936
1999-08-20,-0.03435
1999-08-27,-0.02935
1999-09-03,-0.02500
1999-09-10,-0.02157
1999-09-17,-0.01986
1999-09-24,-0.01968
1999-10-01,-0.01985
1999-10-08,-0.01983
1999-10-15,-0.01839
1999-10-22,-0.01460
1999-10-29,-0.00769
1999-11-05,0.00274
1999-11-12,0.01687
1999-11-19,0.03436
1999-11-26,0.05399
1999-12-03,0.07341
1999-12-10,0.08927
1999-12-17,0.09732
1999-12-24,0.09680
1999-12-31,0.08704
2000-01-07,0.06916
2000-01-14,0.04885
2000-01-21,0.02928
2000-01-28,0.01375
2000-02-04,0.00405
2000-02-11,0.00007
2000-02-18,0.00144
2000-02-25,0.00723
2000-03-03,0.01664
2000-03-10,0.02883
2000-03-17,0.04290
2000-03-24,0.05752
2000-03-31,0.07098
2000-04-07,0.08245
2000-04-14,0.09208
2000-04-21,0.10009
2000-04-28,0.10786
2000-05-05,0.11656
2000-05-12,0.12592
2000-05-19,0.13590
2000-05-26,0.14571
2000-06-02,0.15468
2000-06-09,0.16257
2000-06-16,0.16956
2000-06-23,0.17560
2000-06-30,0.18081
2000-07-07,0.18455
2000-07-14,0.18648
2000-07-21,0.18656
2000-07-28,0.18545
2000-08-04,0.18390
2000-08-11,0.18248
2000-08-18,0.18171
2000-08-25,0.18084
2000-09-01,0.17904
2000-09-08,0.17622
2000-09-15,0.17303
2000-09-22,0.17161
2000-09-29,0.17465
2000-10-06,0.18371
2000-10-13,0.20041
2000-10-20,0.22465
2000-10-27,0.25651
2000-11-03,0.29601
2000-11-10,0.34373
2000-11-17,0.39945
2000-11-24,0.46036
2000-12-01,0.52089
2000-12-08,0.57344
2000-12-15,0.61009
2000-12-22,0.62682
2000-12-29,0.62343
2001-01-05,0.60376
2001-01-12,0.57599
2001-01-19,0.54521
2001-01-26,0.51568
2001-02-02,0.48863
2001-02-09,0.46508
2001-02-16,0.44517
2001-02-23,0.42885
2001-03-02,0.41630
2001-03-09,0.40615
2001-03-16,0.39650
2001-03-23,0.38459
2001-03-30,0.36879
2001-04-06,0.34885
2001-04-13,0.32584
2001-04-20,0.30139
2001-04-27,0.27806
2001-05-04,0.25729
2001-05-11,0.24069
2001-05-18,0.22832
2001-05-25,0.22078
2001-06-01,0.21780
2001-06-08,0.21835
2001-06-15,0.22091
2001-06-22,0.22350
2001-06-29,0.22443
2001-07-06,0.22190
2001-07-13,0.21620
2001-07-20,0.20782
2001-07-27,0.19895
2001-08-03,0.19182
2001-08-10,0.18938
2001-08-17,0.19341
2001-08-24,0.20490
2001-08-31,0.22308
2001-09-07,0.24597
2001-09-14,0.27077
2001-09-21,0.29415
2001-09-28,0.31380
2001-10-05,0.32810
2001-10-12,0.33729
2001-10-19,0.34165
2001-10-26,0.34243
2001-11-02,0.34097
2001-11-09,0.33943
2001-11-16,0.33922
2001-11-23,0.34125
2001-11-30,0.34509
2001-12-07,0.34848
2001-12-14,0.34720
2001-12-21,0.33846
2001-12-28,0.32072
2002-01-04,0.29458
2002-01-11,0.26353
2002-01-18,0.23182
2002-01-25,0.20315
2002-02-01,0.18002
2002-02-08,0.16304
2002-02-15,0.15118
2002-02-22,0.14279
2002-03-01,0.13596
2002-03-08,0.12908
2002-03-15,0.12087
2002-03-22,0.11037
2002-03-29,0.09661
2002-04-05,0.07923
2002-04-12,0.05865
2002-04-19,0.03626
2002-04-26,0.01423
2002-05-03,-0.00510
2002-05-10,-0.01888
2002-05-17,-0.02553
2002-05-24,-0.02411
2002-05-31,-0.01502
2002-06-07,0.00133
2002-06-14,0.02320
2002-06-21,0.04847
2002-06-28,0.07527
2002-07-05,0.10139
2002-07-12,0.12533
2002-07-19,0.14600
2002-07-26,0.16320
2002-08-02,0.17669
2002-08-09,0.18744
2002-08-16,0.19532
2002-08-23,0.20100
2002-08-30,0.20498
2002-09-06,0.20787
2002-09-13,0.20982
2002-09-20,0.21133
2002-09-27,0.21239
2002-10-04,0.21275
2002-10-11,0.21204
2002-10-18,0.20982
2002-10-25,0.20613
2002-11-01,0.20105
2002-11-08,0.19551
2002-11-15,0.18990
2002-11-22,0.18511
2002-11-29,0.18083
2002-12-06,0.17622
2002-12-13,0.16862
2002-12-20,0.15719
2002-12-27,0.14075
2003-01-03,0.12031
2003-01-10,0.09824
2003-01-17,0.07796
2003-01-24,0.06196
2003-01-31,0.05094
2003-02-07,0.04478
2003-02-14,0.04115
2003-02-21,0.03821
2003-02-28,0.03406
2003-03-07,0.02782
2003-03-14,0.01916
2003-03-21,0.00822
2003-03-28,-0.00448
2003-04-04,-0.01825
2003-04-11,-0.03186
2003-04-18,-0.04338
2003-04-25,-0.05162
2003-05-02,-0.05532
2003-05-09,-0.05423
2003-05-16,-0.04991
2003-05-23,-0.04446
2003-05-30,-0.04048
2003-06-06,-0.04035
2003-06-13,-0.04545
2003-06-20,-0.05641
2003-06-27,-0.07227
2003-07-04,-0.09124
2003-07-11,-0.11108
2003-07-18,-0.12952
2003-07-25,-0.14469
2003-08-01,-0.15555
2003-08-08,-0.16199
2003-08-15,-0.16509
2003-08-22,-0.16578
2003-08-29,-0.16548
2003-09-05,-0.16563
2003-09-12,-0.16708
2003-09-19,-0.17069
2003-09-26,-0.17651
2003-10-03,-0.18454
2003-10-10,-0.19409
2003-10-17,-0.20402
2003-10-24,-0.21319
2003-10-31,-0.22103
2003-11-07,-0.22690
2003-11-14,-0.23101
2003-11-21,-0.23394
2003-11-28,-0.23668
2003-12-05,-0.24011
2003-12-12,-0.24563
2003-12-19,-0.25367
2003-12-26,-0.26448
2004-01-02,-0.27728
2004-01-09,-0.29078
2004-01-16,-0.30285
2004-01-23,-0.31226
2004-01-30,-0.31832
2004-02-06,-0.32062
2004-02-13,-0.32012
2004-02-20,-0.31806
2004-02-27,-0.31555
2004-03-05,-0.31382
2004-03-12,-0.31395
2004-03-19,-0.31636
2004-03-26,-0.32109
2004-04-02,-0.32742
2004-04-09,-0.33347
2004-04-16,-0.33768
2004-04-23,-0.33846
2004-04-30,-0.33505
2004-05-07,-0.32807
2004-05-14,-0.31894
2004-05-21,-0.30935
2004-05-28,-0.30095
2004-06-04,-0.29435
2004-06-11,-0.28976
2004-06-18,-0.28691
2004-06-25,-0.28529
2004-07-02,-0.28420
2004-07-09,-0.28329
2004-07-16,-0.28181
2004-07-23,-0.27915
2004-07-30,-0.27481
2004-08-06,-0.26847
2004-08-13,-0.26041
2004-08-20,-0.25162
2004-08-27,-0.24310
2004-09-03,-0.23559
2004-09-10,-0.23060
2004-09-17,-0.22821
2004-09-24,-0.22835
2004-10-01,-0.23077
2004-10-08,-0.23502
2004-10-15,-0.24021
2004-10-22,-0.24582
2004-10-29,-0.25115
2004-11-05,-0.25562
2004-11-12,-0.25888
2004-11-19,-0.26044
2004-11-26,-0.26043
2004-12-03,-0.25914
2004-12-10,-0.25690
2004-12-17,-0.25408
2004-12-24,-0.25106
2004-12-31,-0.24840
2005-01-07,-0.24636
2005-01-14,-0.24520
2005-01-21,-0.24519
2005-01-28,-0.24631
2005-02-04,-0.24806
2005-02-11,-0.24964
2005-02-18,-0.25037
2005-02-25,-0.24940
2005-03-04,-0.24633
2005-03-11,-0.24087
2005-03-18,-0.23285
2005-03-25,-0.22234
2005-04-01,-0.20949
2005-04-08,-0.19457
2005-04-15,-0.17869
2005-04-22,-0.16276
2005-04-29,-0.14810
2005-05-06,-0.13583
2005-05-13,-0.12685
2005-05-20,-0.12124
2005-05-27,-0.11907
2005-06-03,-0.11953
2005-06-10,-0.12201
2005-06-17,-0.12563
2005-06-24,-0.12928
2005-07-01,-0.13243
2005-07-08,-0.13445
2005-07-15,-0.13529
2005-07-22,-0.13437
2005-07-29,-0.13225
2005-08-05,-0.12904
2005-08-12,-0.12583
2005-08-19,-0.12287
2005-08-26,-0.12121
2005-09-02,-0.12134
2005-09-09,-0.12357
2005-09-16,-0.12749
2005-09-23,-0.13276
2005-09-30,-0.13903
2005-10-07,-0.14562
2005-10-14,-0.15189
2005-10-21,-0.15707
2005-10-28,-0.16113
2005-11-04,-0.16332
2005-11-11,-0.16386
2005-11-18,-0.16281
2005-11-25,-0.16121
2005-12-02,-0.15919
2005-12-09,-0.15694
2005-12-16,-0.15489
2005-12-23,-0.15294
2005-12-30,-0.15140
2006-01-06,-0.15027
2006-01-13,-0.15027
2006-01-20,-0.15100
2006-01-27,-0.15262
2006-02-03,-0.15421
2006-02-10,-0.15574
2006-02-17,-0.15723
2006-02-24,-0.15902
2006-03-03,-0.16110
2006-03-10,-0.16424
2006-03-17,-0.16783
2006-03-24,-0.17123
2006-03-31,-0.17371
2006-04-07,-0.17481
2006-04-14,-0.17434
2006-04-21,-0.17293
2006-04-28,-0.17120
2006-05-05,-0.16941
2006-05-12,-0.16856
2006-05-19,-0.16826
2006-05-26,-0.16829
2006-06-02,-0.16819
2006-06-09,-0.16768
2006-06-16,-0.16598
2006-06-23,-0.16284
2006-06-30,-0.15799
2006-07-07,-0.15173
2006-07-14,-0.14425
2006-07-21,-0.13630
2006-07-28,-0.12855
2006-08-04,-0.12147
2006-08-11,-0.11577
2006-08-18,-0.11129
2006-08-25,-0.10793
2006-09-01,-0.10544
2006-09-08,-0.10344
2006-09-15,-0.10131
2006-09-22,-0.09887
2006-09-29,-0.09592
2006-10-06,-0.09234
2006-10-13,-0.08829
2006-10-20,-0.08371
2006-10-27,-0.07879
2006-11-03,-0.07367
2006-11-10,-0.06925
2006-11-17,-0.06578
2006-11-24,-0.06438
2006-12-01,-0.06592
2006-12-08,-0.07075
2006-12-15,-0.07895
2006-12-22,-0.08981
2006-12-29,-0.10208
2007-01-05,-0.11441
2007-01-12,-0.12552
2007-01-19,-0.13432
2007-01-26,-0.14061
2007-02-02,-0.14383
2007-02-09,-0.14414
2007-02-16,-0.14161
2007-02-23,-0.13657
2007-03-02,-0.12967
2007-03-09,-0.12207
2007-03-16,-0.11501
2007-03-23,-0.10948
2007-03-30,-0.10625
2007-04-06,-0.10526
2007-04-13,-0.10625
2007-04-20,-0.10906
2007-04-27,-0.11404
2007-05-04,-0.12151
2007-05-11,-0.13264
2007-05-18,-0.14733
2007-05-25,-0.16419
2007-06-01,-0.18076
2007-06-08,-0.19347
2007-06-15,-0.19819
2007-06-22,-0.19215
2007-06-29,-0.17327
2007-07-06,-0.13979
2007-07-13,-0.09148
2007-07-20,-0.02804
2007-07-27,0.04950
2007-08-03,0.13709
2007-08-10,0.22782
2007-08-17,0.31183
2007-08-24,0.37841
2007-08-31,0.41957
2007-09-07,0.43261
2007-09-14,0.42041
2007-09-21,0.39012
2007-09-28,0.35445
2007-10-05,0.32202
2007-10-12,0.29949
2007-10-19,0.29262
2007-10-26,0.30292
2007-11-02,0.32952
2007-11-09,0.37130
2007-11-16,0.42414
2007-11-23,0.48273
2007-11-30,0.53777
2007-12-07,0.58314
2007-12-14,0.61413
2007-12-21,0.63195
2007-12-28,0.64039
2008-01-04,0.64601
2008-01-11,0.65748
2008-01-18,0.67872
2008-01-25,0.71059
2008-02-01,0.75276
2008-02-08,0.80628
2008-02-15,0.86734
2008-02-22,0.93174
2008-02-29,0.99164
2008-03-07,1.04116
2008-03-14,1.06832
2008-03-21,1.06622
2008-03-28,1.03512
2008-04-04,0.98083
2008-04-11,0.91414
2008-04-18,0.84452
2008-04-25,0.78239
2008-05-02,0.73293
2008-05-09,0.69935
2008-05-16,0.67945
2008-05-23,0.67572
2008-05-30,0.68831
2008-06-06,0.71732
2008-06-13,0.75567
2008-06-20,0.79862
2008-06-27,0.83851
2008-07-04,0.86436
2008-07-11,0.87502
2008-07-18,0.87376
2008-07-25,0.86766
2008-08-01,0.86488
2008-08-08,0.87204
2008-08-15,0.89339
2008-08-22,0.93532
2008-08-29,1.00083
2008-09-05,1.09458
2008-09-12,1.22149
2008-09-19,1.38590
2008-09-26,1.56863
2008-10-03,1.75816
2008-10-10,1.94160
2008-10-17,2.10068
2008-10-24,2.23701
2008-10-31,2.35669
2008-11-07,2.46650
2008-11-14,2.57099
2008-11-21,2.66187
2008-11-28,2.71687
2008-12-05,2.72491
2008-12-12,2.67822
2008-12-19,2.57960
2008-12-26,2.44506
2009-01-02,2.30730
2009-01-09,2.17207
2009-01-16,2.05680
2009-01-23,1.96459
2009-01-30,1.89769
2009-02-06,1.85734
2009-02-13,1.84476
2009-02-20,1.85470
2009-02-27,1.87686
2009-03-06,1.89779
2009-03-13,1.89639
2009-03-20,1.86443
2009-03-27,1.80083
2009-04-03,1.71294
2009-04-10,1.60655
2009-04-17,1.49788
2009-04-24,1.39155
2009-05-01,1.28811
2009-05-08,1.18991
2009-05-15,1.09999
2009-05-22,1.01921
2009-05-29,0.95382
2009-06-05,0.90517
2009-06-12,0.87315
2009-06-19,0.85322
2009-06-26,0.83200
2009-07-03,0.80172
2009-07-10,0.75948
2009-07-17,0.70582
2009-07-24,0.64708
2009-07-31,0.59336
2009-08-07,0.55088
2009-08-14,0.51848
2009-08-21,0.49162
2009-08-28,0.46513
2009-09-04,0.43689
2009-09-11,0.40610
2009-09-18,0.37664
2009-09-25,0.35283
2009-10-02,0.33793
2009-10-09,0.32793
2009-10-16,0.31926
2009-10-23,0.31009
2009-10-30,0.29908
2009-11-06,0.28388
2009-11-13,0.26545
2009-11-20,0.24393
2009-11-27,0.21673
2009-12-04,0.18144
2009-12-11,0.13738
2009-12-18,0.08904
2009-12-25,0.04301
2010-01-01,0.00734
2010-01-08,-0.01336
2010-01-15,-0.01493
2010-01-22,-0.00166
2010-01-29,0.01654
2010-02-05,0.03157
2010-02-12,0.03677
2010-02-19,0.02757
2010-02-26,0.00657
2010-03-05,-0.02364
2010-03-12,-0.05851
2010-03-19,-0.09390
2010-03-26,-0.12749
2010-04-02,-0.15408
2010-04-09,-0.16847
2010-04-16,-0.16501
2010-04-23,-0.14106
2010-04-30,-0.09710
2010-05-07,-0.03876
2010-05-14,0.02155
2010-05-21,0.07703
2010-05-28,0.11786
2010-06-04,0.14184
2010-06-11,0.15118
2010-06-18,0.14622
2010-06-25,0.13269
2010-07-02,0.11302
2010-07-09,0.08759
2010-07-16,0.06101
2010-07-23,0.03832
2010-07-30,0.02282
2010-08-06,0.01654
2010-08-13,0.01871
2010-08-20,0.02351
2010-08-27,0.02537
2010-09-03,0.02010
2010-09-10,0.00535
2010-09-17,-0.01661
2010-09-24,-0.04265
2010-10-01,-0.07240
2010-10-08,-0.10451
2010-10-15,-0.13760
2010-10-22,-0.17047
2010-10-29,-0.20095
2010-11-05,-0.22577
2010-11-12,-0.24306
2010-11-19,-0.25528
2010-11-26,-0.26503
2010-12-03,-0.27702
2010-12-10,-0.29317
2010-12-17,-0.31221
2010-12-24,-0.33158
2010-12-31,-0.34932
2011-01-07,-0.36270
2011-01-14,-0.37350
2011-01-21,-0.38283
2011-01-28,-0.39017
2011-02-04,-0.39448
2011-02-11,-0.39287
2011-02-18,-0.38386
2011-02-25,-0.36844
2011-03-04,-0.35144
2011-03-11,-0.33698
2011-03-18,-0.32928
2011-03-25,-0.33019
2011-04-01,-0.33656
2011-04-08,-0.34496
2011-04-15,-0.35136
2011-04-22,-0.35393
2011-04-29,-0.35290
2011-05-06,-0.34898
2011-05-13,-0.34225
2011-05-20,-0.33369
2011-05-27,-0.32284
2011-06-03,-0.31082
2011-06-10,-0.29950
2011-06-17,-0.29226
2011-06-24,-0.28939
2011-07-01,-0.28909
2011-07-08,-0.28467
2011-07-15,-0.26869
2011-07-22,-0.23700
2011-07-29,-0.18814
2011-08-05,-0.12647
2011-08-12,-0.06070
2011-08-19,-0.00082
2011-08-26,0.05086
2011-09-02,0.09066
2011-09-09,0.12126
2011-09-16,0.14207
2011-09-23,0.15297
2011-09-30,0.15167
2011-10-07,0.13880
2011-10-14,0.11672
2011-10-21,0.09529
2011-10-28,0.08055
2011-11-04,0.07853
2011-11-11,0.08737
2011-11-18,0.10221
2011-11-25,0.11630
2011-12-02,0.12116
2011-12-09,0.11733
2011-12-16,0.10519
2011-12-23,0.08487
2011-12-30,0.05809
2012-01-06,0.02589
2012-01-13,-0.01035
2012-01-20,-0.04718
2012-01-27,-0.08042
2012-02-03,-0.10533
2012-02-10,-0.12113
2012-02-17,-0.12919
2012-02-24,-0.13504
2012-03-02,-0.14209
2012-03-09,-0.15037
2012-03-16,-0.16002
2012-03-23,-0.16668
2012-03-30,-0.16655
2012-04-06,-0.15933
2012-04-13,-0.14478
2012-04-20,-0.12477
2012-04-27,-0.09965
2012-05-04,-0.06986
2012-05-11,-0.03564
2012-05-18,0.00031
2012-05-25,0.03230
2012-06-01,0.05737
2012-06-08,0.07097
2012-06-15,0.07246
2012-06-22,0.06433
2012-06-29,0.05106
2012-07-06,0.03541
2012-07-13,0.02037
2012-07-20,0.00516
2012-07-27,-0.00977
2012-08-03,-0.02613
2012-08-10,-0.04299
2012-08-17,-0.05986
2012-08-24,-0.07637
2012-08-31,-0.09185
2012-09-07,-0.10689
2012-09-14,-0.12160
2012-09-21,-0.13500
2012-09-28,-0.14522
2012-10-05,-0.15177
2012-10-12,-0.15258
2012-10-19,-0.14815
2012-10-26,-0.13888
2012-11-02,-0.12853
2012-11-09,-0.11967
2012-11-16,-0.11510
2012-11-23,-0.11749
2012-11-30,-0.12540
2012-12-07,-0.13824
2012-12-14,-0.15462
2012-12-21,-0.17207
2012-12-28,-0.18872
2013-01-04,-0.20534
2013-01-11,-0.21985
2013-01-18,-0.23140
2013-01-25,-0.24018
2013-02-01,-0.24588
2013-02-08,-0.24893
2013-02-15,-0.25155
2013-02-22,-0.25462
2013-03-01,-0.25916
2013-03-08,-0.26659
2013-03-15,-0.27594
2013-03-22,-0.28629
2013-03-29,-0.29824
2013-04-05,-0.31159
2013-04-12,-0.32659
2013-04-19,-0.34276
2013-04-26,-0.35960
2013-05-03,-0.37456
2013-05-10,-0.38478
2013-05-17,-0.38788
2013-05-24,-0.38312
2013-05-31,-0.37128
2013-06-07,-0.35514
2013-06-14,-0.33800
2013-06-21,-0.32402
2013-06-28,-0.31539
2013-07-05,-0.31264
2013-07-12,-0.31498
2013-07-19,-0.32025
2013-07-26,-0.32556
2013-08-02,-0.32888
2013-08-09,-0.32962
2013-08-16,-0.32859
2013-08-23,-0.32699
2013-08-30,-0.32627
2013-09-06,-0.32770
2013-09-13,-0.33143
2013-09-20,-0.33711
2013-09-27,-0.34446
2013-10-04,-0.35341
2013-10-11,-0.36404
2013-10-18,-0.37617
2013-10-25,-0.38897
2013-11-01,-0.40097
2013-11-08,-0.41183
2013-11-15,-0.42095
2013-11-22,-0.42853
2013-11-29,-0.43566
2013-12-06,-0.44251
2013-12-13,-0.44878
2013-12-20,-0.45313
2013-12-27,-0.45455
2014-01-03,-0.45018
2014-01-10,-0.44213
2014-01-17,-0.43194
2014-01-24,-0.42205
2014-01-31,-0.41527
2014-02-07,-0.41266
2014-02-14,-0.41301
2014-02-21,-0.41400
2014-02-28,-0.41358
2014-03-07,-0.41020
2014-03-14,-0.40412
2014-03-21,-0.39674
2014-03-28,-0.38852
2014-04-04,-0.38144
2014-04-11,-0.37509
2014-04-18,-0.36961
2014-04-25,-0.36573
2014-05-02,-0.36428
2014-05-09,-0.36535
2014-05-16,-0.36921
2014-05-23,-0.37547
2014-05-30,-0.38193
2014-06-06,-0.38709
2014-06-13,-0.39021
2014-06-20,-0.39063
2014-06-27,-0.38866
2014-07-04,-0.38462
2014-07-11,-0.37917
2014-07-18,-0.37274
2014-07-25,-0.36609
2014-08-01,-0.35939
2014-08-08,-0.35338
2014-08-15,-0.34765
2014-08-22,-0.34049
2014-08-29,-0.33051
2014-09-05,-0.31774
2014-09-12,-0.30218
2014-09-19,-0.28519
2014-09-26,-0.26914
2014-10-03,-0.25675
2014-10-10,-0.24916
2014-10-17,-0.24569
2014-10-24,-0.24650
2014-10-31,-0.24879
2014-11-07,-0.25010
2014-11-14,-0.24791
2014-11-21,-0.24030
2014-11-28,-0.22757
2014-12-05,-0.20987
2014-12-12,-0.18800
2014-12-19,-0.16454
2014-12-26,-0.14232
2015-01-02,-0.12087
2015-01-09,-0.10288
2015-01-16,-0.08845
2015-01-23,-0.07884
2015-01-30,-0.07386
2015-02-06,-0.07290
2015-02-13,-0.07526
2015-02-20,-0.07940
2015-02-27,-0.08381
2015-03-06,-0.08686
2015-03-13,-0.08872
2015-03-20,-0.09032
2015-03-27,-0.09121
2015-04-03,-0.09279
2015-04-10,-0.09533
2015-04-17,-0.09793
2015-04-24,-0.10126
2015-05-01,-0.10396
2015-05-08,-0.10575
2015-05-15,-0.10728
2015-05-22,-0.10810
2015-05-29,-0.10801
2015-06-05,-0.10694
2015-06-12,-0.10464
2015-06-19,-0.10045
2015-06-26,-0.09457
2015-07-03,-0.08564
2015-07-10,-0.07391
2015-07-17,-0.06020
2015-07-24,-0.04381
2015-07-31,-0.02564
2015-08-07,-0.00720
2015-08-14,0.01064
2015-08-21,0.02689
2015-08-28,0.04083
2015-09-04,0.05140
2015-09-11,0.05816
2015-09-18,0.06112
2015-09-25,0.06060
2015-10-02,0.05776
2015-10-09,0.05268
2015-10-16,0.04885
2015-10-23,0.04740
2015-10-30,0.04924
2015-11-06,0.05512
2015-11-13,0.06537
2015-11-20,0.07930
2015-11-27,0.09663
2015-12-04,0.11687
2015-12-11,0.13924
2015-12-18,0.16244
2015-12-25,0.18509
2016-01-01,0.20635
2016-01-08,0.22554
2016-01-15,0.24344
2016-01-22,0.25868
2016-01-29,0.26990
2016-02-05,0.27556
2016-02-12,0.27370
2016-02-19,0.26251
2016-02-26,0.24409
2016-03-04,0.22125
2016-03-11,0.19841
2016-03-18,0.17869
2016-03-25,0.16387
2016-04-01,0.15390
2016-04-08,0.14827
2016-04-15,0.14573
2016-04-22,0.14544
2016-04-29,0.14741
2016-05-06,0.15094
2016-05-13,0.15508
2016-05-20,0.15912
2016-05-27,0.16278
2016-06-03,0.16645
2016-06-10,0.17038
2016-06-17,0.17487
2016-06-24,0.17772
2016-07-01,0.17857
2016-07-08,0.17485
2016-07-15,0.16660
2016-07-22,0.15519
2016-07-29,0.14288
2016-08-05,0.13307
2016-08-12,0.12760
2016-08-19,0.12746
2016-08-26,0.13214
2016-09-02,0.14033
2016-09-09,0.14910
2016-09-16,0.15654
2016-09-23,0.16146
2016-09-30,0.16353
2016-10-07,0.16147
2016-10-14,0.15653
2016-10-21,0.14933
2016-10-28,0.13956
2016-11-04,0.12887
2016-11-11,0.11661
2016-11-18,0.10375
2016-11-25,0.09056
2016-12-02,0.07708
2016-12-09,0.06338
2016-12-16,0.05003
2016-12-23,0.03769
2016-12-30,0.02555
2017-01-06,0.01434
2017-01-13,0.00371
2017-01-20,-0.00628
2017-01-27,-0.01562
2017-02-03,-0.02305
2017-02-10,-0.02815
2017-02-17,-0.02919
2017-02-24,-0.02623
2017-03-03,-0.02069
2017-03-10,-0.01405
2017-03-17,-0.00858
2017-03-24,-0.00597
2017-03-31,-0.00708
2017-04-07,-0.01033
2017-04-14,-0.01404
2017-04-21,-0.01688
2017-04-28,-0.01882
2017-05-05,-0.01987
2017-05-12,-0.02175
2017-05-19,-0.02497
2017-05-26,-0.03078
2017-06-02,-0.03747
2017-06-09,-0.04464
2017-06-16,-0.05178
2017-06-23,-0.05875
2017-06-30,-0.06605
2017-07-07,-0.07326
2017-07-14,-0.07978
2017-07-21,-0.08431
2017-07-28,-0.08542
2017-08-04,-0.08299
2017-08-11,-0.07814
2017-08-18,-0.07283
2017-08-25,-0.06915
2017-09-01,-0.06836
2017-09-08,-0.07080
2017-09-15,-0.07628
2017-09-22,-0.08366
2017-09-29,-0.09188
2017-10-06,-0.10012
2017-10-13,-0.10750
2017-10-20,-0.11282
2017-10-27,-0.11571
2017-11-03,-0.11579
2017-11-10,-0.11343
2017-11-17,-0.10980
2017-11-24,-0.10615
2017-12-01,-0.10338
2017-12-08,-0.10232
2017-12-15,-0.10368
2017-12-22,-0.10716
2017-12-29,-0.11208
2018-01-05,-0.11774
2018-01-12,-0.12206
2018-01-19,-0.12358
2018-01-26,-0.12155
2018-02-02,-0.11522
2018-02-09,-0.10539
2018-02-16,-0.09388
2018-02-23,-0.08135
2018-03-02,-0.06892
2018-03-09,-0.05729
2018-03-16,-0.04752
2018-03-23,-0.04042
2018-03-30,-0.03715
2018-04-06,-0.03786
2018-04-13,-0.04224
2018-04-20,-0.04914
2018-04-27,-0.05629
2018-05-04,-0.06268
2018-05-11,-0.06795
2018-05-18,-0.07201
2018-05-25,-0.07488
2018-06-01,-0.07682
2018-06-08,-0.07812
2018-06-15,-0.07842
2018-06-22,-0.07801
2018-06-29,-0.07760
2018-07-06,-0.07816
2018-07-13,-0.08046
2018-07-20,-0.08413
2018-07-27,-0.08815
2018-08-03,-0.09194
2018-08-10,-0.09522
2018-08-17,-0.09738
2018-08-24,-0.09930
2018-08-31,-0.10146
2018-09-07,-0.10403
2018-09-14,-0.10667
2018-09-21,-0.10824
2018-09-28,-0.10808
2018-10-05,-0.10570
2018-10-12,-0.10041
2018-10-19,-0.09221
2018-10-26,-0.08077
2018-11-02,-0.06583
2018-11-09,-0.04765
2018-11-16,-0.02560
2018-11-23,-0.00153
2018-11-30,0.02222
2018-12-07,0.04315
2018-12-14,0.05811
2018-12-21,0.06527
2018-12-28,0.06297
2019-01-04,0.05256
2019-01-11,0.03542
2019-01-18,0.01512
2019-01-25,-0.00585
2019-02-01,-0.02533
2019-02-08,-0.04183
2019-02-15,-0.05453
2019-02-22,-0.06380
2019-03-01,-0.06970
2019-03-08,-0.07272
2019-03-15,-0.07448
2019-03-22,-0.07581
2019-03-29,-0.07752
2019-04-05,-0.08002
2019-04-12,-0.08234
2019-04-19,-0.08315
2019-04-26,-0.08115
2019-05-03,-0.07593
2019-05-10,-0.06793
2019-05-17,-0.05890
2019-05-24,-0.05080
2019-05-31,-0.04442
2019-06-07,-0.04054
2019-06-14,-0.03880
2019-06-21,-0.03808
2019-06-28,-0.03768
2019-07-05,-0.03757
2019-07-12,-0.03693
2019-07-19,-0.03508
2019-07-26,-0.03132
2019-08-02,-0.02443
2019-08-09,-0.01466
2019-08-16,-0.00340
2019-08-23,0.00697
2019-08-30,0.01501
2019-09-06,0.01884
2019-09-13,0.01902
2019-09-20,0.01699
2019-09-27,0.01332
2019-10-04,0.00826
2019-10-11,0.00157
2019-10-18,-0.00777
2019-10-25,-0.01940
2019-11-01,-0.03092
2019-11-08,-0.04025
2019-11-15,-0.04505
2019-11-22,-0.04544
2019-11-29,-0.04337
2019-12-06,-0.04301
2019-12-13,-0.04756
2019-12-20,-0.05722
2019-12-27,-0.07134
2020-01-03,-0.08629
2020-01-10,-0.09906
2020-01-17,-0.10919
2020-01-24,-0.11385
2020-01-31,-0.10944
2020-02-07,-0.08989
2020-02-14,-0.04422
2020-02-21,0.03630
2020-02-28,0.15309
2020-03-06,0.29612
2020-03-13,0.44933
2020-03-20,0.59016
2020-03-27,0.69551
2020-04-03,0.75967
2020-04-10,0.78093
2020-04-17,0.76474
2020-04-24,0.72401
2020-05-01,0.66034
2020-05-08,0.58119
2020-05-15,0.49452
2020-05-22,0.40418
2020-05-29,0.32028
2020-06-05,0.25099
2020-06-12,0.20115
2020-06-19,0.16745
2020-06-26,0.14517
2020-07-03,0.12726
2020-07-10,0.10717
2020-07-17,0.08384
2020-07-24,0.05832
2020-07-31,0.03227
2020-08-07,0.01036
2020-08-14,-0.00687
2020-08-21,-0.01956
2020-08-28,-0.02699
2020-09-04,-0.02991
2020-09-11,-0.02898
2020-09-18,-0.02601
2020-09-25,-0.02105
2020-10-02,-0.01688
2020-10-09,-0.01554
2020-10-16,-0.01722
2020-10-23,-0.02290
2020-10-30,-0.03146
2020-11-06,-0.04252
2020-11-13,-0.05478
2020-11-20,-0.06661
2020-11-27,-0.07697
2020-12-04,-0.08641
2020-12-11,-0.09468
2020-12-18,-0.10218
2020-12-25,-0.10945
2021-01-01,-0.11718
2021-01-08,-0.12494
2021-01-15,-0.13193
2021-01-22,-0.13793
2021-01-29,-0.14213
2021-02-05,-0.14554
2021-02-12,-0.14762
2021-02-19,-0.14886
2021-02-26,-0.14996
2021-03-05,-0.15173
2021-03-12,-0.15414
2021-03-19,-0.15780
2021-03-26,-0.16319
2021-04-02,-0.17052
2021-04-09,-0.17928
2021-04-16,-0.18788
2021-04-23,-0.19526
2021-04-30,-0.20031
2021-05-07,-0.20288
2021-05-14,-0.20158
2021-05-21,-0.19871
2021-05-28,-0.19513
2021-06-04,-0.19104
2021-06-11,-0.18711
2021-06-18,-0.18334
2021-06-25,-0.17965
2021-07-02,-0.17562
2021-07-09,-0.17088
2021-07-16,-0.16577
2021-07-23,-0.16035
2021-07-30,-0.15527
2021-08-06,-0.15035
2021-08-13,-0.14671
2021-08-20,-0.14521
2021-08-27,-0.14552
2021-09-03,-0.14708
2021-09-10,-0.14934
2021-09-17,-0.15122
2021-09-24,-0.15180
2021-10-01,-0.15098
2021-10-08,-0.14906
2021-10-15,-0.14641
2021-10-22,-0.14296
2021-10-29,-0.13784
2021-11-05,-0.13051
2021-11-12,-0.12145
2021-11-19,-0.11082
2021-11-26,-0.10047
2021-12-03,-0.09255
2021-12-10,-0.08917
2021-12-17,-0.08868
2021-12-24,-0.09013
2021-12-31,-0.09118
2022-01-07,-0.08903
2022-01-14,-0.08281
2022-01-21,-0.07210
2022-01-28,-0.05764
2022-02-04,-0.04032
2022-02-11,-0.02003
2022-02-18,0.00286
2022-02-25,0.02624
2022-03-04,0.04862
2022-03-11,0.06727
2022-03-18,0.08023
2022-03-25,0.08698
2022-04-01,0.08908
2022-04-08,0.08986
2022-04-15,0.09174
2022-04-22,0.09621
2022-04-29,0.10329
2022-05-06,0.11241
2022-05-13,0.12232
2022-05-20,0.13298
2022-05-27,0.14491
2022-06-03,0.15938
2022-06-10,0.17565
2022-06-17,0.19209
2022-06-24,0.20469
2022-07-01,0.21134
2022-07-08,0.21007
2022-07-15,0.20103
2022-07-22,0.18701
2022-07-29,0.17224
2022-08-05,0.16061
2022-08-12,0.15394
2022-08-19,0.15434
2022-08-26,0.16153
2022-09-02,0.17442
2022-09-09,0.19085
2022-09-16,0.20948
2022-09-23,0.22751
2022-09-30,0.24265
2022-10-07,0.25137
2022-10-14,0.25259
2022-10-21,0.24562
2022-10-28,0.23228
2022-11-04,0.21505
2022-11-11,0.19810
2022-11-18,0.18468
2022-11-25,0.17609
2022-12-02,0.17217
2022-12-09,0.17074
2022-12-16,0.16899
2022-12-23,0.16551
2022-12-30,0.15884
2023-01-06,0.14947
2023-01-13,0.13872
2023-01-20,0.12807
2023-01-27,0.11850
2023-02-03,0.11151
2023-02-10,0.10894
2023-02-17,0.11250
2023-02-24,0.12313
2023-03-03,0.13979
2023-03-10,0.15933
2023-03-17,0.17823
2023-03-24,0.19187
2023-03-31,0.19682
2023-04-07,0.19590
2023-04-14,0.19052
2023-04-21,0.18383
2023-04-28,0.17766
2023-05-05,0.17211
2023-05-12,0.16547
2023-05-19,0.15743
2023-05-26,0.14794
2023-06-02,0.13826
2023-06-09,0.13006
2023-06-16,0.12437
2023-06-23,0.12061
2023-06-30,0.11734
2023-07-07,0.11394
2023-07-14,0.10895
2023-07-21,0.10382
2023-07-28,0.09906
2023-08-04,0.09547
2023-08-11,0.09285
2023-08-18,0.09115
2023-08-25,0.08956
2023-09-01,0.08801
2023-09-08,0.08767
2023-09-15,0.08913
2023-09-22,0.09315
2023-09-29,0.09904
2023-10-06,0.10544
2023-10-13,0.11031
2023-10-20,0.11236
2023-10-27,0.11043
2023-11-03,0.10499
2023-11-10,0.09677
2023-11-17,0.08708
2023-11-24,0.07676
2023-12-01,0.06620
2023-12-08,0.05584
2023-12-15,0.04593
2023-12-22,0.03676
2023-12-29,0.02836
2024-01-05,0.02117
2024-01-12,0.01416
2024-01-19,0.00767
2024-01-26,0.00096
2024-02-02,-0.00584
2024-02-09,-0.01284
2024-02-16,-0.01961
2024-02-23,-0.02594
2024-03-01,-0.03165
2024-03-08,-0.03635
2024-03-15,-0.03943
2024-03-22,-0.04073
2024-03-29,-0.04034
2024-04-05,-0.03871
2024-04-12,-0.03718
2024-04-19,-0.03633
2024-04-26,-0.03772
2024-05-03,-0.04071
2024-05-10,-0.04480
2024-05-17,-0.04860
2024-05-24,-0.05137
2024-05-31,-0.05259
2024-06-07,-0.05214
2024-06-14,-0.05066
2024-06-21,-0.04868
2024-06-28,-0.04625
2024-07-05,-0.04318
2024-07-12,-0.03935
2024-07-19,-0.03505
2024-07-26,-0.03105
2024-08-02,-0.02801
2024-08-09,-0.02673
2024-08-16,-0.02789
2024-08-23,-0.03082
2024-08-30,-0.03460
2024-09-06,-0.03843
2024-09-13,-0.04237
2024-09-20,-0.04631
2024-09-27,-0.04998
2024-10-04,-0.05420
2024-10-11,-0.05903
2024-10-18,-0.06491
2024-10-25,-0.07126
2024-11-01,-0.07806
2024-11-08,-0.08498
2024-11-15,-0.09126
2024-11-22,-0.09591
2024-11-29,-0.09869
2024-12-06,-0.10016
2024-12-13,-0.10088
2024-12-20,-0.10194
2024-12-27,-0.10500
2025-01-03,-0.11025
2025-01-10,-0.11780
2025-01-17,-0.12612
2025-01-24,-0.13327
2025-01-31,-0.13780
2025-02-07,-0.13817
2025-02-14,-0.13383
2025-02-21,-0.12479
2025-02-28,-0.11229
2025-03-07,-0.09792
2025-03-14,-0.08254
2025-03-21,-0.06771
