observation_date,Interest_Rates,observation_date,10Y_minus_2Y_Treasury_Constant_Maturity,observation_date,Corporate_Bond_Yield,observation_date,CPI,observation_date,Deficit_%_GDP,observation_date,Durable_Good_Orders,observation_date,GDP,observation_date,PPI,observation_date,M2_Money_Stocks,observation_date,Business_Inventories,observation_date,Unemployment_Rate
1967-01-01,4.82,,,,,1967-01-01,32.9,,,,,1967-01-01,4870.299,1967-01-01,33.4,1967-01-01,1463.8,,,1967-01-01,3.9
1967-04-01,3.99,,,,,1967-04-01,33.1,,,,,1967-04-01,4873.287,1967-04-01,33.1,1967-04-01,1486.7,,,1967-04-01,3.8
1967-07-01,3.89,,,,,1967-07-01,33.4,,,,,1967-07-01,4919.392,1967-07-01,33.5,1967-07-01,1515.9,,,1967-07-01,3.8
1967-10-01,4.17,,,,,1967-10-01,33.7,,,,,1967-10-01,4956.477,1967-10-01,33.4,1967-10-01,1537.7,,,1967-10-01,4.0
1968-01-01,4.79,,,,,1968-01-01,34.1,,,,,1968-01-01,5057.553,1968-01-01,33.8,1968-01-01,1546.6,,,1968-01-01,3.7
1968-04-01,5.98,,,,,1968-04-01,34.4,,,,,1968-04-01,5142.033,1968-04-01,34.1,1968-04-01,1557.3,,,1968-04-01,3.5
1968-07-01,5.95,,,,,1968-07-01,34.9,,,,,1968-07-01,5181.859,1968-07-01,34.3,1968-07-01,1563.3,,,1968-07-01,3.7
1968-10-01,5.92,,,,,1968-10-01,35.3,,,,,1968-10-01,5202.212,1968-10-01,34.4,1968-10-01,1579.6,,,1968-10-01,3.4
1969-01-01,6.57,,,,,1969-01-01,35.7,,,,,1969-01-01,5283.597,1969-01-01,34.8,1969-01-01,1594.7,,,1969-01-01,3.4
1969-04-01,8.33,,,,,1969-04-01,36.3,,,,,1969-04-01,5299.625,1969-04-01,35.3,1969-04-01,1586.0,,,1969-04-01,3.4
1969-07-01,8.98,,,,,1969-07-01,36.8,,,,,1969-07-01,5334.6,1969-07-01,35.8,1969-07-01,1574.7,,,1969-07-01,3.5
1969-10-01,8.94,,,,,1969-10-01,37.3,,,,,1969-10-01,5308.556,1969-10-01,35.9,1969-10-01,1564.1,,,1969-10-01,3.7
1970-01-01,8.56,,,,,1970-01-01,37.9,1970-01-01,-0.26479,,,1970-01-01,5300.652,1970-01-01,36.5,1970-01-01,1555.7,,,1970-01-01,3.9
1970-04-01,7.88,,,,,1970-04-01,38.5,1970-04-01,-0.6929275,,,1970-04-01,5308.164,1970-04-01,36.8,1970-04-01,1528.3,,,1970-04-01,4.6
1970-07-01,6.71,,,,,1970-07-01,38.9,1970-07-01,-1.121065,,,1970-07-01,5357.077,1970-07-01,37.1,1970-07-01,1540.1,,,1970-07-01,5.0
1970-10-01,5.57,,,,,1970-10-01,39.4,1970-10-01,-1.5492025,,,1970-10-01,5299.672,1970-10-01,37.1,1970-10-01,1564.5,,,1970-10-01,5.5
1971-01-01,3.86,,,,,1971-01-01,39.9,1971-01-01,-1.97734,,,1971-01-01,5443.619,1971-01-01,37.3,1971-01-01,1586.2,,,1971-01-01,5.9
1971-04-01,4.57,,,,,1971-04-01,40.1,1971-04-01,-1.9398275,,,1971-04-01,5473.059,1971-04-01,37.9,1971-04-01,1641.9,,,1971-04-01,5.9
1971-07-01,5.48,,,,,1971-07-01,40.6,1971-07-01,-1.902315,,,1971-07-01,5518.072,1971-07-01,38.3,1971-07-01,1673.9,,,1971-07-01,6.0
1971-10-01,4.75,,,,,1971-10-01,40.9,1971-10-01,-1.8648025,,,1971-10-01,5531.032,1971-10-01,38.3,1971-10-01,1707.6,,,1971-10-01,5.8
1972-01-01,3.55,,,,,1972-01-01,41.2,1972-01-01,-1.82729,,,1972-01-01,5632.649,1972-01-01,38.8,1972-01-01,1742.0,,,1972-01-01,5.8
1972-04-01,4.3,,,,,1972-04-01,41.5,1972-04-01,-1.6319425,,,1972-04-01,5760.47,1972-04-01,39.3,1972-04-01,1779.3,,,1972-04-01,5.7
1972-07-01,4.74,,,,,1972-07-01,41.8,1972-07-01,-1.436595,,,1972-07-01,5814.854,1972-07-01,40.0,1972-07-01,1817.0,,,1972-07-01,5.6
1972-10-01,5.15,,,,,1972-10-01,42.2,1972-10-01,-1.2412475,,,1972-10-01,5912.22,1972-10-01,40.1,1972-10-01,1864.7,,,1972-10-01,5.6
1973-01-01,6.54,,,,,1973-01-01,42.7,1973-01-01,-1.0459,,,1973-01-01,6058.544,1973-01-01,41.6,1973-01-01,1897.7,,,1973-01-01,4.9
1973-04-01,7.82,,,,,1973-04-01,43.7,1973-04-01,-0.88368,,,1973-04-01,6124.506,1973-04-01,43.6,1973-04-01,1875.7,,,1973-04-01,5.0
1973-07-01,10.56,,,,,1973-07-01,44.2,1973-07-01,-0.72146,,,1973-07-01,6092.301,1973-07-01,44.9,1973-07-01,1892.5,,,1973-07-01,4.8
1973-10-01,10.0,,,,,1973-10-01,45.6,1973-10-01,-0.55924,,,1973-10-01,6150.131,1973-10-01,46.3,1973-10-01,1847.8,,,1973-10-01,4.6
1974-01-01,9.33,,,,,1974-01-01,46.8,1974-01-01,-0.39702,,,1974-01-01,6097.258,1974-01-01,49.0,1974-01-01,1837.0,,,1974-01-01,5.1
1974-04-01,11.25,,,,,1974-04-01,48.1,1974-04-01,-1.08775,,,1974-04-01,6111.751,1974-04-01,51.0,1974-04-01,1814.8,,,1974-04-01,5.1
1974-07-01,12.1,,,,,1974-07-01,49.3,1974-07-01,-1.77848,,,1974-07-01,6053.978,1974-07-01,54.0,1974-07-01,1787.8,,,1974-07-01,5.5
1974-10-01,9.34,,,,,1974-10-01,51.0,1974-10-01,-2.46921,,,1974-10-01,6030.464,1974-10-01,56.9,1974-10-01,1751.6,,,1974-10-01,6.0
1975-01-01,6.31,,,,,1975-01-01,52.3,1975-01-01,-3.15994,,,1975-01-01,5957.035,1975-01-01,57.4,1975-01-01,1732.9,,,1975-01-01,8.1
1975-04-01,5.42,,,,,1975-04-01,53.0,1975-04-01,-3.3538825,,,1975-04-01,5999.61,1975-04-01,57.5,1975-04-01,1764.3,,,1975-04-01,8.8
1975-07-01,6.16,,,,,1975-07-01,54.0,1975-07-01,-3.547825,,,1975-07-01,6102.326,1975-07-01,58.7,1975-07-01,1805.7,,,1975-07-01,8.6
1975-10-01,5.41,,,,,1975-10-01,54.9,1975-10-01,-3.7417675,,,1975-10-01,6184.53,1975-10-01,59.8,1975-10-01,1817.5,,,1975-10-01,8.4
1976-01-01,4.83,,,,,1976-01-01,55.8,1976-01-01,-3.93571,,,1976-01-01,6323.649,1976-01-01,59.9,1976-01-01,1839.8,,,1976-01-01,7.9
1976-04-01,5.2,,,,,1976-04-01,56.1,1976-04-01,-3.5961575,,,1976-04-01,6370.025,1976-04-01,60.6,1976-04-01,1890.9,,,1976-04-01,7.7
1976-07-01,5.28,1976-07-01,0.98,,,1976-07-01,57.0,1976-07-01,-3.256605,,,1976-07-01,6404.895,1976-07-01,61.6,1976-07-01,1905.8,,,1976-07-01,7.8
1976-10-01,4.87,1976-10-01,1.43,,,1976-10-01,57.9,1976-10-01,-2.9170525,,,1976-10-01,6451.177,1976-10-01,61.9,1976-10-01,1943.0,,,1976-10-01,7.7
1977-01-01,4.66,1977-01-01,1.31,,,1977-01-01,58.7,1977-01-01,-2.5775,,,1977-01-01,6527.703,1977-01-01,62.8,1977-01-01,1985.0,,,1977-01-01,7.5
1977-04-01,5.16,1977-04-01,1.41,,,1977-04-01,60.0,1977-04-01,-2.562325,,,1977-04-01,6654.466,1977-04-01,64.9,1977-04-01,1999.3,,,1977-04-01,7.2
1977-07-01,5.82,1977-07-01,1.06,,,1977-07-01,60.8,1977-07-01,-2.54715,,,1977-07-01,6774.457,1977-07-01,65.1,1977-07-01,2017.6,,,1977-07-01,6.9
1977-10-01,6.51,1977-10-01,0.42,,,1977-10-01,61.6,1977-10-01,-2.531975,,,1977-10-01,6774.592,1977-10-01,65.6,1977-10-01,2035.7,,,1977-10-01,6.8
1978-01-01,6.76,1978-01-01,0.47,,,1978-01-01,62.7,1978-01-01,-2.5168,,,1978-01-01,6796.26,1978-01-01,66.8,1978-01-01,2041.0,,,1978-01-01,6.4
1978-04-01,7.28,1978-04-01,0.41,,,1978-04-01,63.9,1978-04-01,-2.2751225,,,1978-04-01,7058.92,1978-04-01,69.0,1978-04-01,2035.1,,,1978-04-01,6.1
1978-07-01,8.09,1978-07-01,0.15,,,1978-07-01,65.5,1978-07-01,-2.033445,,,1978-07-01,7129.915,1978-07-01,70.4,1978-07-01,2021.5,,,1978-07-01,6.2
1978-10-01,9.58,1978-10-01,-0.21,,,1978-10-01,67.1,1978-10-01,-1.7917675,,,1978-10-01,7225.75,1978-10-01,71.8,1978-10-01,2015.4,,,1978-10-01,5.8
1979-01-01,10.07,1979-01-01,-0.76,,,1979-01-01,68.5,1979-01-01,-1.55009,,,1979-01-01,7238.727,1979-01-01,73.8,1979-01-01,2002.3,,,1979-01-01,5.9
1979-04-01,10.18,1979-04-01,-0.6,,,1979-04-01,70.6,1979-04-01,-1.8085425,,,1979-04-01,7246.454,1979-04-01,76.9,1979-04-01,1986.0,,,1979-04-01,5.8
1979-07-01,10.94,1979-07-01,-0.19,,,1979-07-01,73.0,1979-07-01,-2.066995,,,1979-07-01,7300.281,1979-07-01,79.2,1979-07-01,1965.5,,,1979-07-01,5.7
1979-10-01,13.58,1979-10-01,-1.19,,,1979-10-01,75.2,1979-10-01,-2.3254475,,,1979-10-01,7318.535,1979-10-01,82.1,1979-10-01,1942.0,,,1979-10-01,6.0
1980-01-01,15.07,1980-01-01,-0.7,,,1980-01-01,78.0,1980-01-01,-2.5839,,,1980-01-01,7341.557,1980-01-01,85.2,1980-01-01,1900.9,,,1980-01-01,6.3
1980-04-01,12.67,1980-04-01,-1.03,,,1980-04-01,80.9,1980-04-01,-2.5535075,,,1980-04-01,7190.289,1980-04-01,87.8,1980-04-01,1856.9,,,1980-04-01,6.9
1980-07-01,9.82,1980-07-01,1.22,,,1980-07-01,82.6,1980-07-01,-2.523115,,,1980-07-01,7181.743,1980-07-01,90.3,1980-07-01,1871.1,,,1980-07-01,7.8
1980-10-01,15.85,1980-10-01,-0.34,,,1980-10-01,84.7,1980-10-01,-2.4927225,,,1980-10-01,7315.677,1980-10-01,92.8,1980-10-01,1871.1,,,1980-10-01,7.5
1981-01-01,16.6,1981-01-01,-0.69,,,1981-01-01,87.2,1981-01-01,-2.46233,,,1981-01-01,7459.022,1981-01-01,95.2,1981-01-01,1842.8,,,1981-01-01,7.5
1981-04-01,17.79,1981-04-01,-0.47,,,1981-04-01,89.1,1981-04-01,-2.8035725,,,1981-04-01,7403.745,1981-04-01,98.0,1981-04-01,1862.2,,,1981-04-01,7.2
1981-07-01,17.59,1981-07-01,-1.07,,,1981-07-01,91.5,1981-07-01,-3.1448150000000004,,,1981-07-01,7492.405,1981-07-01,99.0,1981-07-01,1838.1,,,1981-07-01,7.2
1981-10-01,13.59,1981-10-01,-0.39,,,1981-10-01,93.4,1981-10-01,-3.4860575000000003,,,1981-10-01,7410.768,1981-10-01,98.9,1981-10-01,1843.5,,,1981-10-01,7.9
1982-01-01,14.21,1982-01-01,0.03,,,1982-01-01,94.4,1982-01-01,-3.8273,,,1982-01-01,7295.631,1982-01-01,99.7,1982-01-01,1875.4,,,1982-01-01,8.6
1982-04-01,14.51,1982-04-01,-0.33,,,1982-04-01,95.0,1982-04-01,-4.300027500000001,,,1982-04-01,7328.912,1982-04-01,99.6,1982-04-01,1898.8,,,1982-04-01,9.3
1982-07-01,11.01,1982-07-01,0.15,,,1982-07-01,97.5,1982-07-01,-4.772755,,,1982-07-01,7300.896,1982-07-01,100.4,1982-07-01,1878.5,,,1982-07-01,9.8
1982-10-01,9.28,1982-10-01,0.72,,,1982-10-01,98.1,1982-10-01,-5.2454825,,,1982-10-01,7303.817,1982-10-01,100.2,1982-10-01,1905.9,,,1982-10-01,10.4
1983-01-01,8.66,1983-01-01,1.13,,,1983-01-01,97.9,1983-01-01,-5.71821,,,1983-01-01,7400.066,1983-01-01,100.2,1983-01-01,2001.4,,,1983-01-01,10.4
1983-04-01,8.8,1983-04-01,0.83,,,1983-04-01,98.8,1983-04-01,-5.4364075,,,1983-04-01,7568.456,1983-04-01,100.4,1983-04-01,2053.2,,,1983-04-01,10.2
1983-07-01,9.46,1983-07-01,0.69,,,1983-07-01,99.8,1983-07-01,-5.154605,,,1983-07-01,7719.746,1983-07-01,101.3,1983-07-01,2068.9,,,1983-07-01,9.4
1983-10-01,9.43,1983-10-01,0.97,,,1983-10-01,100.8,1983-10-01,-4.872802500000001,,,1983-10-01,7880.794,1983-10-01,102.2,1983-10-01,2082.5,,,1983-10-01,8.8
1984-01-01,9.69,1984-01-01,1.03,,,1984-01-01,102.1,1984-01-01,-4.591,,,1984-01-01,8034.847,1984-01-01,102.9,1984-01-01,2094.2,,,1984-01-01,8.0
1984-04-01,10.55,1984-04-01,0.95,,,1984-04-01,103.3,1984-04-01,-4.666510000000001,,,1984-04-01,8173.67,1984-04-01,104.0,1984-04-01,2121.7,,,1984-04-01,7.7
1984-07-01,11.39,1984-07-01,0.48,,,1984-07-01,104.1,1984-07-01,-4.74202,,,1984-07-01,8252.465,1984-07-01,104.2,1984-07-01,2135.9,,,1984-07-01,7.5
1984-10-01,9.26,1984-10-01,0.56,,,1984-10-01,105.1,1984-10-01,-4.81753,,,1984-10-01,8320.199,1984-10-01,103.4,1984-10-01,2149.3,,,1984-10-01,7.4
1985-01-01,8.48,1985-01-01,1.45,,,1985-01-01,105.7,1985-01-01,-4.89304,,,1985-01-01,8400.82,1985-01-01,103.4,1985-01-01,2206.6,,,1985-01-01,7.3
1985-04-01,7.92,1985-04-01,1.35,,,1985-04-01,107.0,1985-04-01,-4.8774475,,,1985-04-01,8474.787,1985-04-01,103.3,1985-04-01,2220.0,,,1985-04-01,7.3
1985-07-01,7.9,1985-07-01,1.53,,,1985-07-01,107.7,1985-07-01,-4.861855,,,1985-07-01,8604.22,1985-07-01,103.2,1985-07-01,2255.8,,,1985-07-01,7.4
1985-10-01,8.1,1985-10-01,1.37,,,1985-10-01,108.5,1985-10-01,-4.8462625,,,1985-10-01,8668.188,1985-10-01,102.9,1985-10-01,2274.7,,,1985-10-01,7.1
1986-01-01,7.83,1986-01-01,1.05,,,1986-01-01,109.9,1986-01-01,-4.83067,,,1986-01-01,8749.127,1986-01-01,103.2,1986-01-01,2276.7,,,1986-01-01,6.7
1986-04-01,6.92,1986-04-01,0.6,,,1986-04-01,108.7,1986-04-01,-4.3939775,,,1986-04-01,8788.524,1986-04-01,99.6,1986-04-01,2353.1,,,1986-04-01,7.1
1986-07-01,6.21,1986-07-01,0.64,,,1986-07-01,109.5,1986-07-01,-3.957285,,,1986-07-01,8872.601,1986-07-01,99.4,1986-07-01,2398.7,,,1986-07-01,7.0
1986-10-01,6.27,1986-10-01,1.15,,,1986-10-01,110.2,1986-10-01,-3.5205925,,,1986-10-01,8920.193,1986-10-01,99.7,1986-10-01,2438.7,,,1986-10-01,7.0
1987-01-01,6.22,1987-01-01,0.86,,,1987-01-01,111.4,1987-01-01,-3.0839,,,1987-01-01,8986.367,1987-01-01,100.5,1987-01-01,2463.1,,,1987-01-01,6.6
1987-04-01,6.65,1987-04-01,1.0,,,1987-04-01,112.7,1987-04-01,-3.0537825,,,1987-04-01,9083.256,1987-04-01,101.9,1987-04-01,2455.8,,,1987-04-01,6.3
1987-07-01,6.84,1987-07-01,1.0,,,1987-07-01,113.8,1987-07-01,-3.023665,,,1987-07-01,9162.024,1987-07-01,103.5,1987-07-01,2442.0,,,1987-07-01,6.1
1987-10-01,6.92,1987-10-01,1.12,,,1987-10-01,115.0,1987-10-01,-2.9935475,,,1987-10-01,9319.332,1987-10-01,104.1,1987-10-01,2447.7,,,1987-10-01,6.0
1988-01-01,6.67,1988-01-01,1.04,,,1988-01-01,116.0,1988-01-01,-2.96343,,,1988-01-01,9367.502,1988-01-01,104.6,1988-01-01,2454.7,,,1988-01-01,5.7
1988-04-01,7.15,1988-04-01,1.13,,,1988-04-01,117.2,1988-04-01,-2.898975,,,1988-04-01,9490.594,1988-04-01,105.8,1988-04-01,2483.5,,,1988-04-01,5.4
1988-07-01,7.98,1988-07-01,0.78,,,1988-07-01,118.5,1988-07-01,-2.83452,,,1988-07-01,9546.206,1988-07-01,107.9,1988-07-01,2487.1,,,1988-07-01,5.4
1988-10-01,8.47,1988-10-01,0.44,,,1988-10-01,119.9,1988-10-01,-2.770065,,,1988-10-01,9673.405,1988-10-01,108.2,1988-10-01,2473.1,,,1988-10-01,5.4
1989-01-01,9.45,1989-01-01,-0.08,,,1989-01-01,121.2,1989-01-01,-2.70561,,,1989-01-01,9771.725,1989-01-01,110.5,1989-01-01,2468.4,,,1989-01-01,5.4
1989-04-01,9.73,1989-04-01,-0.28,,,1989-04-01,123.1,1989-04-01,-2.9558825,,,1989-04-01,9846.293,1989-04-01,112.3,1989-04-01,2441.9,,,1989-04-01,5.2
1989-07-01,9.08,1989-07-01,0.2,,,1989-07-01,124.5,1989-07-01,-3.206155,,,1989-07-01,9919.228,1989-07-01,112.8,1989-07-01,2451.7,,,1989-07-01,5.2
1989-10-01,8.61,1989-10-01,0.03,,,1989-10-01,125.4,1989-10-01,-3.4564275,,,1989-10-01,9938.767,1989-10-01,112.8,1989-10-01,2483.3,,,1989-10-01,5.3
1990-01-01,8.25,1990-01-01,0.12,,,1990-01-01,127.5,1990-01-01,-3.7067,,,1990-01-01,10047.386,1990-01-01,114.9,1990-01-01,2483.8,,,1990-01-01,5.4
1990-04-01,8.24,1990-04-01,0.06,,,1990-04-01,128.9,1990-04-01,-3.8730425,,,1990-04-01,10083.855,1990-04-01,114.1,1990-04-01,2483.8,,,1990-04-01,5.4
1990-07-01,8.16,1990-07-01,0.31,,,1990-07-01,130.5,1990-07-01,-4.039385,,,1990-07-01,10090.569,1990-07-01,114.5,1990-07-01,2470.9,,,1990-07-01,5.5
1990-10-01,7.74,1990-10-01,0.84,,,1990-10-01,133.4,1990-10-01,-4.2057275,,,1990-10-01,9998.704,1990-10-01,120.8,1990-10-01,2443.3,,,1990-10-01,5.9
1991-01-01,6.43,1991-01-01,0.97,,,1991-01-01,134.7,1991-01-01,-4.37207,,,1991-01-01,9951.916,1991-01-01,119.0,1991-01-01,2440.8,,,1991-01-01,6.4
1991-04-01,5.86,1991-04-01,1.09,,,1991-04-01,135.1,1991-04-01,-4.392189999999999,,,1991-04-01,10029.51,1991-04-01,116.0,1991-04-01,2466.6,,,1991-04-01,6.7
1991-07-01,5.65,1991-07-01,1.36,,,1991-07-01,136.2,1991-07-01,-4.41231,,,1991-07-01,10080.195,1991-07-01,116.1,1991-07-01,2464.1,,,1991-07-01,6.8
1991-10-01,4.82,1991-10-01,1.62,,,1991-10-01,137.2,1991-10-01,-4.43243,,,1991-10-01,10115.329,1991-10-01,116.4,1991-10-01,2449.1,,,1991-10-01,7.0
1992-01-01,4.02,1992-01-01,2.07,,,1992-01-01,138.3,1992-01-01,-4.45255,,,1992-01-01,10236.435,1992-01-01,115.6,1992-01-01,2444.8,1992-01-01,808292.0,1992-01-01,7.3
1992-04-01,3.77,1992-04-01,2.14,,,1992-04-01,139.4,1992-04-01,-4.269095,1992-04-01,124375.0,1992-04-01,10347.429,1992-04-01,116.3,1992-04-01,2438.8,1992-04-01,815453.0,1992-04-01,7.4
1992-07-01,3.26,1992-07-01,2.49,,,1992-07-01,140.5,1992-07-01,-4.08564,1992-07-01,121237.0,1992-07-01,10449.673,1992-07-01,117.9,1992-07-01,2415.6,1992-07-01,825098.0,1992-07-01,7.7
1992-10-01,3.03,1992-10-01,2.51,,,1992-10-01,141.7,1992-10-01,-3.902185,1992-10-01,125282.0,1992-10-01,10558.648,1992-10-01,118.1,1992-10-01,2416.2,1992-10-01,827914.0,1992-10-01,7.3
1993-01-01,3.04,1993-01-01,2.21,,,1993-01-01,142.8,1993-01-01,-3.71873,1993-01-01,125751.0,1993-01-01,10576.275,1993-01-01,118.0,1993-01-01,2394.3,1993-01-01,835983.0,1993-01-01,7.3
1993-04-01,3.0,1993-04-01,2.13,,,1993-04-01,143.8,1993-04-01,-3.48611,1993-04-01,128045.0,1993-04-01,10637.847,1993-04-01,119.3,1993-04-01,2372.3,1993-04-01,846782.0,1993-04-01,7.1
1993-07-01,3.06,1993-07-01,1.73,,,1993-07-01,144.5,1993-07-01,-3.25349,1993-07-01,128241.0,1993-07-01,10688.606,1993-07-01,119.2,1993-07-01,2382.0,1993-07-01,849450.0,1993-07-01,6.9
1993-10-01,2.99,1993-10-01,1.46,,,1993-10-01,145.6,1993-10-01,-3.02087,1993-10-01,132375.0,1993-10-01,10833.987,1993-10-01,119.1,1993-10-01,2374.1,1993-10-01,855322.0,1993-10-01,6.8
1994-01-01,3.21,1994-01-01,1.61,,,1994-01-01,146.3,1994-01-01,-2.78825,1994-01-01,137396.0,1994-01-01,10939.116,1994-01-01,119.1,1994-01-01,2375.2,1994-01-01,863021.0,1994-01-01,6.6
1994-04-01,3.94,1994-04-01,1.42,,,1994-04-01,147.2,1994-04-01,-2.6276975,1994-04-01,142676.0,1994-04-01,11087.361,1994-04-01,119.7,1994-04-01,2365.0,1994-04-01,871989.0,1994-04-01,6.4
1994-07-01,4.49,1994-07-01,1.17,,,1994-07-01,148.4,1994-07-01,-2.4671450000000004,1994-07-01,145461.0,1994-07-01,11152.176,1994-07-01,120.7,1994-07-01,2350.5,1994-07-01,894473.0,1994-07-01,6.1
1994-10-01,5.17,1994-10-01,1.02,,,1994-10-01,149.4,1994-10-01,-2.3065925000000003,1994-10-01,150691.0,1994-10-01,11279.932,1994-10-01,120.9,1994-10-01,2332.2,1994-10-01,913439.0,1994-10-01,5.8
1995-01-01,5.8,1995-01-01,0.27,,,1995-01-01,150.5,1995-01-01,-2.14604,1995-01-01,152401.0,1995-01-01,11319.951,1995-01-01,122.9,1995-01-01,2320.5,1995-01-01,935639.0,1995-01-01,5.6
1995-04-01,6.02,1995-04-01,0.49,,,1995-04-01,151.8,1995-04-01,-1.94221,1995-04-01,151430.0,1995-04-01,11353.721,1995-04-01,124.6,1995-04-01,2305.1,1995-04-01,959239.0,1995-04-01,5.8
1995-07-01,5.8,1995-07-01,0.5,,,1995-07-01,152.6,1995-07-01,-1.73838,1995-07-01,154487.0,1995-07-01,11450.31,1995-07-01,125.3,1995-07-01,2337.7,1995-07-01,972934.0,1995-07-01,5.7
1995-10-01,5.72,1995-10-01,0.35,,,1995-10-01,153.5,1995-10-01,-1.53455,1995-10-01,158299.0,1995-10-01,11528.067,1995-10-01,125.3,1995-10-01,2354.0,1995-10-01,984223.0,1995-10-01,5.5
1996-01-01,5.37,1996-01-01,0.54,,,1996-01-01,154.7,1996-01-01,-1.33072,1996-01-01,157185.0,1996-01-01,11614.418,1996-01-01,126.3,1996-01-01,2358.0,1996-01-01,990730.0,1996-01-01,5.6
1996-04-01,5.24,1996-04-01,0.55,,,1996-04-01,156.1,1996-04-01,-1.0618225,1996-04-01,161977.0,1996-04-01,11808.14,1996-04-01,127.4,1996-04-01,2368.8,1996-04-01,992111.0,1996-04-01,5.6
1996-07-01,5.31,1996-07-01,0.6,,,1996-07-01,157.0,1996-07-01,-0.792925,1996-07-01,162113.0,1996-07-01,11914.063,1996-07-01,128.0,1996-07-01,2380.3,1996-07-01,997782.0,1996-07-01,5.5
1996-10-01,5.28,1996-10-01,0.62,,,1996-10-01,158.2,1996-10-01,-0.5240275000000001,1996-10-01,166127.0,1996-10-01,12037.775,1996-10-01,128.0,1996-10-01,2384.8,1996-10-01,1004389.0,1996-10-01,5.2
1997-01-01,5.28,1997-01-01,0.57,,,1997-01-01,159.4,1997-01-01,-0.25513,1997-01-01,166539.0,1997-01-01,12115.472,1997-01-01,129.7,1997-01-01,2405.6,1997-01-01,1007785.0,1997-01-01,5.3
1997-04-01,5.52,1997-04-01,0.44,,,1997-04-01,159.9,1997-04-01,-0.000265,1997-04-01,172489.0,1997-04-01,12317.221,1997-04-01,127.0,1997-04-01,2424.6,1997-04-01,1014611.0,1997-04-01,5.1
1997-07-01,5.53,1997-07-01,0.33,,,1997-07-01,160.4,1997-07-01,0.2546,1997-07-01,177999.0,1997-07-01,12471.01,1997-07-01,126.9,1997-07-01,2446.3,1997-07-01,1026787.0,1997-07-01,4.9
1997-10-01,5.51,1997-10-01,0.26,,,1997-10-01,161.5,1997-10-01,0.5094650000000001,1997-10-01,180919.0,1997-10-01,12577.495,1997-10-01,127.8,1997-10-01,2472.0,1997-10-01,1038283.0,1997-10-01,4.7
1998-01-01,5.52,1998-01-01,0.19,,,1998-01-01,162.0,1998-01-01,0.76433,1998-01-01,177481.0,1998-01-01,12703.742,1998-01-01,125.4,1998-01-01,2503.8,1998-01-01,1048304.0,1998-01-01,4.6
1998-04-01,5.5,1998-04-01,0.07,,,1998-04-01,162.2,1998-04-01,0.8992975,1998-04-01,177913.0,1998-04-01,12821.339,1998-04-01,124.9,1998-04-01,2552.5,1998-04-01,1062401.0,1998-04-01,4.3
1998-07-01,5.53,1998-07-01,0.0,,,1998-07-01,163.2,1998-07-01,1.034265,1998-07-01,176971.0,1998-07-01,12982.752,1998-07-01,124.9,1998-07-01,2575.9,1998-07-01,1064039.0,1998-07-01,4.5
1998-10-01,4.86,1998-10-01,0.44,,,1998-10-01,163.9,1998-10-01,1.1692325,1998-10-01,179784.0,1998-10-01,13191.67,1998-10-01,124.0,1998-10-01,2628.4,1998-10-01,1073223.0,1998-10-01,4.5
1999-01-01,4.73,1999-01-01,0.11,,,1999-01-01,164.7,1999-01-01,1.3042,1999-01-01,185587.0,1999-01-01,13315.597,1999-01-01,122.9,1999-01-01,2673.3,1999-01-01,1077080.0,1999-01-01,4.3
1999-04-01,4.75,1999-04-01,0.21,,,1999-04-01,165.9,1999-04-01,1.554295,1999-04-01,183849.0,1999-04-01,13426.748,1999-04-01,123.6,1999-04-01,2689.2,1999-04-01,1092918.0,1999-04-01,4.3
1999-07-01,5.1,1999-07-01,0.24,,,1999-07-01,166.7,1999-07-01,1.80439,1999-07-01,189136.0,1999-07-01,13604.771,1999-07-01,125.7,1999-07-01,2720.7,1999-07-01,1104062.0,1999-07-01,4.3
1999-10-01,5.3,1999-10-01,0.25,,,1999-10-01,168.1,1999-10-01,2.054485,1999-10-01,192496.0,1999-10-01,13827.98,1999-10-01,127.7,1999-10-01,2732.1,1999-10-01,1115766.0,1999-10-01,4.1
2000-01-01,5.68,2000-01-01,0.22,,,2000-01-01,169.3,2000-01-01,2.30458,2000-01-01,192467.0,2000-01-01,13878.147,2000-01-01,128.3,2000-01-01,2757.0,2000-01-01,1140023.0,2000-01-01,4.0
2000-04-01,6.27,2000-04-01,-0.41,,,2000-04-01,170.9,2000-04-01,2.031395,2000-04-01,201132.0,2000-04-01,14130.908,2000-04-01,130.7,2000-04-01,2789.8,2000-04-01,1157552.0,2000-04-01,3.8
2000-07-01,6.52,2000-07-01,-0.29,,,2000-07-01,172.7,2000-07-01,1.75821,2000-07-01,192647.0,2000-07-01,14145.312,2000-07-01,133.7,2000-07-01,2774.3,2000-07-01,1175374.0,2000-07-01,4.0
2000-10-01,6.47,2000-10-01,-0.17,,,2000-10-01,173.9,2000-10-01,1.485025,2000-10-01,188070.0,2000-10-01,14229.765,2000-10-01,135.4,2000-10-01,2801.3,2000-10-01,1189920.0,2000-10-01,3.9
2001-01-01,5.6,2001-01-01,0.4,,,2001-01-01,175.6,2001-01-01,1.21184,2001-01-01,179847.0,2001-01-01,14183.12,2001-01-01,140.0,2001-01-01,2835.1,2001-01-01,1197945.0,2001-01-01,4.2
2001-04-01,4.33,2001-04-01,0.91,,,2001-04-01,176.4,2001-04-01,0.5480125,2001-04-01,175316.0,2001-04-01,14271.694,2001-04-01,136.4,2001-04-01,2913.4,2001-04-01,1184434.0,2001-04-01,4.4
2001-07-01,3.5,2001-07-01,1.2,,,2001-07-01,177.4,2001-07-01,-0.115815,2001-07-01,168245.0,2001-07-01,14214.516,2001-07-01,133.4,2001-07-01,2937.0,2001-07-01,1165045.0,2001-07-01,4.6
2001-10-01,2.13,2001-10-01,1.84,,,2001-10-01,177.6,2001-10-01,-0.7796425,2001-10-01,166882.0,2001-10-01,14253.574,2001-10-01,130.3,2001-10-01,3009.0,2001-10-01,1139077.0,2001-10-01,5.3
2002-01-01,1.73,2002-01-01,2.01,,,2002-01-01,177.7,2002-01-01,-1.44347,2002-01-01,167861.0,2002-01-01,14372.785,2002-01-01,128.5,2002-01-01,3073.2,2002-01-01,1117388.0,2002-01-01,5.7
2002-04-01,1.75,2002-04-01,1.79,,,2002-04-01,179.3,2002-04-01,-1.90656,2002-04-01,169925.0,2002-04-01,14460.848,2002-04-01,130.8,2002-04-01,3068.8,2002-04-01,1106806.0,2002-04-01,5.9
2002-07-01,1.74,2002-07-01,2.1,,,2002-07-01,180.0,2002-07-01,-2.36965,2002-07-01,172749.0,2002-07-01,14519.633,2002-07-01,131.2,2002-07-01,3109.0,2002-07-01,1119258.0,2002-07-01,5.8
2002-10-01,1.44,2002-10-01,2.03,,,2002-10-01,181.2,2002-10-01,-2.8327400000000003,2002-10-01,167706.0,2002-10-01,14537.58,2002-10-01,133.2,2002-10-01,3149.7,2002-10-01,1130630.0,2002-10-01,5.7
2003-01-01,1.25,2003-01-01,2.31,,,2003-01-01,182.6,2003-01-01,-3.29583,2003-01-01,172117.0,2003-01-01,14614.141,2003-01-01,135.3,2003-01-01,3183.1,2003-01-01,1139589.0,2003-01-01,5.8
2003-04-01,1.25,2003-04-01,2.34,,,2003-04-01,183.2,2003-04-01,-3.316435,2003-04-01,171465.0,2003-04-01,14743.567,2003-04-01,136.8,2003-04-01,3223.6,2003-04-01,1150317.0,2003-04-01,6.0
2003-07-01,1.02,2003-07-01,2.5,,,2003-07-01,183.7,2003-07-01,-3.33704,2003-07-01,175018.0,2003-07-01,14988.782,2003-07-01,137.7,2003-07-01,3293.1,2003-07-01,1139701.0,2003-07-01,6.2
2003-10-01,1.0,2003-10-01,2.54,,,2003-10-01,184.9,2003-10-01,-3.357645,2003-10-01,182301.0,2003-10-01,15162.76,2003-10-01,139.3,2003-10-01,3283.0,2003-10-01,1143104.0,2003-10-01,6.0
2004-01-01,1.0,2004-01-01,2.39,,,2004-01-01,186.3,2004-01-01,-3.37825,2004-01-01,183742.0,2004-01-01,15248.68,2004-01-01,141.4,2004-01-01,3264.7,2004-01-01,1148368.0,2004-01-01,5.7
2004-04-01,1.01,2004-04-01,2.28,,,2004-04-01,187.4,2004-04-01,-3.14405,2004-04-01,184489.0,2004-04-01,15366.85,2004-04-01,144.8,2004-04-01,3308.0,2004-04-01,1176070.0,2004-04-01,5.6
2004-07-01,1.43,2004-07-01,1.86,,,2004-07-01,189.1,2004-07-01,-2.90985,2004-07-01,186336.0,2004-07-01,15512.619,2004-07-01,147.4,2004-07-01,3327.0,2004-07-01,1207045.0,2004-07-01,5.5
2004-10-01,1.95,2004-10-01,1.51,,,2004-10-01,190.8,2004-10-01,-2.67565,2004-10-01,190437.0,2004-10-01,15670.88,2004-10-01,150.0,2004-10-01,3343.8,2004-10-01,1225082.0,2004-10-01,5.5
2005-01-01,2.47,2005-01-01,1.0,,,2005-01-01,191.6,2005-01-01,-2.44145,2005-01-01,192653.0,2005-01-01,15844.727,2005-01-01,150.9,2005-01-01,3356.5,2005-01-01,1252502.0,2005-01-01,5.3
2005-04-01,2.94,2005-04-01,0.69,,,2005-04-01,193.7,2005-04-01,-2.2801825,2005-04-01,203830.0,2005-04-01,15922.782,2005-04-01,155.0,2005-04-01,3336.1,2005-04-01,1274847.0,2005-04-01,5.2
2005-07-01,3.46,2005-07-01,0.31,,,2005-07-01,194.9,2005-07-01,-2.1189150000000003,2005-07-01,201104.0,2005-07-01,16047.587,2005-07-01,156.3,2005-07-01,3357.5,2005-07-01,1270200.0,2005-07-01,5.0
2005-10-01,3.98,2005-10-01,0.19,,,2005-10-01,199.1,2005-10-01,-1.9576475,2005-10-01,217378.0,2005-10-01,16136.734,2005-10-01,166.2,2005-10-01,3337.1,2005-10-01,1291339.0,2005-10-01,5.0
2006-01-01,4.45,2006-01-01,0.02,,,2006-01-01,199.3,2006-01-01,-1.79638,2006-01-01,218822.0,2006-01-01,16353.835,2006-01-01,164.3,2006-01-01,3377.0,2006-01-01,1323295.0,2006-01-01,4.7
2006-04-01,4.91,2006-04-01,0.1,,,2006-04-01,200.7,2006-04-01,-1.62485,2006-04-01,217221.0,2006-04-01,16396.151,2006-04-01,164.3,2006-04-01,3391.6,2006-04-01,1348410.0,2006-04-01,4.7
2006-07-01,5.25,2006-07-01,-0.03,,,2006-07-01,202.9,2006-07-01,-1.4533200000000002,2006-07-01,218223.0,2006-07-01,16420.738,2006-07-01,166.8,2006-07-01,3397.7,2006-07-01,1381022.0,2006-07-01,4.7
2006-10-01,5.24,2006-10-01,-0.07,,,2006-10-01,201.9,2006-10-01,-1.28179,2006-10-01,223668.0,2006-10-01,16561.866,2006-10-01,162.2,2006-10-01,3468.1,2006-10-01,1401743.0,2006-10-01,4.4
2007-01-01,5.25,2007-01-01,-0.12,,,2007-01-01,203.437,2007-01-01,-1.11026,2007-01-01,224486.0,2007-01-01,16611.69,2007-01-01,164.0,2007-01-01,3499.1,2007-01-01,1412583.0,2007-01-01,4.6
2007-04-01,5.25,2007-04-01,0.03,,,2007-04-01,205.904,2007-04-01,-1.6088575,2007-04-01,230375.0,2007-04-01,16713.314,2007-04-01,171.4,2007-04-01,3516.7,2007-04-01,1428601.0,2007-04-01,4.5
2007-07-01,5.07,2007-07-01,0.19,,,2007-07-01,207.603,2007-07-01,-2.107455,2007-07-01,231802.0,2007-07-01,16809.587,2007-07-01,175.1,2007-07-01,3525.5,2007-07-01,1447212.0,2007-07-01,4.7
2007-10-01,4.5,2007-10-01,0.56,,,2007-10-01,209.19,2007-10-01,-2.6060525,2007-10-01,234049.0,2007-10-01,16915.191,2007-10-01,174.7,2007-10-01,3551.0,2007-10-01,1466245.0,2007-10-01,4.7
2008-01-01,3.18,2008-01-01,1.27,,,2008-01-01,212.174,2008-01-01,-3.10465,2008-01-01,236431.0,2008-01-01,16843.003,2008-01-01,181.0,2008-01-01,3543.2,2008-01-01,1500138.0,2008-01-01,5.0
2008-04-01,2.08,2008-04-01,1.63,,,2008-04-01,213.942,2008-04-01,-4.7678475,2008-04-01,229239.0,2008-04-01,16943.291,2008-04-01,190.9,2008-04-01,3605.1,2008-04-01,1514549.0,2008-04-01,5.0
2008-07-01,1.94,2008-07-01,1.43,,,2008-07-01,219.016,2008-07-01,-6.431045000000001,2008-07-01,216587.0,2008-07-01,16854.295,2008-07-01,205.5,2008-07-01,3557.5,2008-07-01,1535732.0,2008-07-01,5.8
2008-10-01,0.51,2008-10-01,2.2,,,2008-10-01,216.995,2008-10-01,-8.0942425,2008-10-01,182438.0,2008-10-01,16485.35,2008-10-01,186.4,2008-10-01,3675.3,2008-10-01,1514194.0,2008-10-01,6.5
2009-01-01,0.18,2009-01-01,1.71,,,2009-01-01,211.933,2009-01-01,-9.75744,2009-01-01,148747.0,2009-01-01,16298.262,2009-01-01,171.2,2009-01-01,3911.3,2009-01-01,1447913.0,2009-01-01,7.8
2009-04-01,0.18,2009-04-01,2.0,,,2009-04-01,212.709,2009-04-01,-9.4683475,2009-04-01,147918.0,2009-04-01,16269.145,2009-04-01,169.1,2009-04-01,3945.0,2009-04-01,1387718.0,2009-04-01,9.0
2009-07-01,0.15,2009-07-01,2.54,,,2009-07-01,214.726,2009-07-01,-9.179255,2009-07-01,156407.0,2009-07-01,16326.281,2009-07-01,172.5,2009-07-01,3941.7,2009-07-01,1338517.0,2009-07-01,9.5
2009-10-01,0.12,2009-10-01,2.44,,,2009-10-01,216.509,2009-10-01,-8.8901625,2009-10-01,160679.0,2009-10-01,16502.754,2009-10-01,175.2,2009-10-01,3920.4,2009-10-01,1323656.0,2009-10-01,10.0
2010-01-01,0.13,2010-01-01,2.8,,,2010-01-01,217.488,2010-01-01,-8.60107,2010-01-01,181205.0,2010-01-01,16582.71,2010-01-01,181.9,2010-01-01,3898.1,2010-01-01,1333884.0,2010-01-01,9.8
2010-04-01,0.19,2010-04-01,2.79,,,2010-04-01,217.403,2010-04-01,-8.533529999999999,2010-04-01,186182.0,2010-04-01,16743.162,2010-04-01,184.4,2010-04-01,3935.1,2010-04-01,1353657.0,2010-04-01,9.9
2010-07-01,0.19,2010-07-01,2.39,,,2010-07-01,217.605,2010-07-01,-8.46599,2010-07-01,193728.0,2010-07-01,16872.266,2010-07-01,184.1,2010-07-01,3970.4,2010-07-01,1379915.0,2010-07-01,9.4
2010-10-01,0.19,2010-10-01,2.16,,,2010-10-01,219.035,2010-10-01,-8.39845,2010-10-01,194573.0,2010-10-01,16960.864,2010-10-01,186.6,2010-10-01,4003.3,2010-10-01,1423474.0,2010-10-01,9.4
2011-01-01,0.15,2011-01-01,2.78,,,2011-01-01,221.187,2011-01-01,-8.33091,2011-01-01,204259.0,2011-01-01,16920.632,2011-01-01,192.7,2011-01-01,3999.0,2011-01-01,1462403.0,2011-01-01,9.1
2011-04-01,0.09,2011-04-01,2.72,,,2011-04-01,224.093,2011-04-01,-7.904045,2011-04-01,203161.0,2011-04-01,17035.114,2011-04-01,203.1,2011-04-01,4029.8,2011-04-01,1502663.0,2011-04-01,9.1
2011-07-01,0.08,2011-07-01,2.6,,,2011-07-01,225.395,2011-07-01,-7.47718,2011-07-01,209300.0,2011-07-01,17031.313,2011-07-01,204.6,2011-07-01,4143.3,2011-07-01,1534390.0,2011-07-01,9.0
2011-10-01,0.07,2011-10-01,1.87,,,2011-10-01,226.75,2011-10-01,-7.050314999999999,2011-10-01,216722.0,2011-10-01,17222.583,2011-10-01,201.1,2011-10-01,4224.1,2011-10-01,1550732.0,2011-10-01,8.8
2012-01-01,0.1,2012-01-01,1.73,,,2012-01-01,227.842,2012-01-01,-6.62345,2012-01-01,224884.0,2012-01-01,17367.01,2012-01-01,200.7,2012-01-01,4279.5,2012-01-01,1574265.0,2012-01-01,8.3
2012-04-01,0.15,2012-04-01,1.76,,,2012-04-01,229.187,2012-04-01,-5.9743225,2012-04-01,218699.0,2012-04-01,17444.525,2012-04-01,203.7,2012-04-01,4319.5,2012-04-01,1601090.0,2012-04-01,8.2
2012-07-01,0.14,2012-07-01,1.28,,,2012-07-01,228.59,2012-07-01,-5.325195,2012-07-01,213267.0,2012-07-01,17469.65,2012-07-01,200.1,2012-07-01,4403.4,2012-07-01,1624907.0,2012-07-01,8.2
2012-10-01,0.16,2012-10-01,1.47,,,2012-10-01,231.638,2012-10-01,-4.6760675,2012-10-01,222261.0,2012-10-01,17489.852,2012-10-01,203.5,2012-10-01,4439.2,2012-10-01,1645122.0,2012-10-01,7.8
2013-01-01,0.14,2013-01-01,1.65,,,2013-01-01,231.679,2013-01-01,-4.02694,2013-01-01,224944.0,2013-01-01,17662.4,2013-01-01,202.5,2013-01-01,4531.1,2013-01-01,1670363.0,2013-01-01,8.0
2013-04-01,0.12,2013-04-01,1.53,,,2013-04-01,231.797,2013-04-01,-3.7085125,2013-04-01,236881.0,2013-04-01,17709.671,2013-04-01,203.5,2013-04-01,4573.1,2013-04-01,1676141.0,2013-04-01,7.6
2013-07-01,0.09,2013-07-01,2.24,,,2013-07-01,232.9,2013-07-01,-3.390085,2013-07-01,227582.0,2013-07-01,17860.45,2013-07-01,204.4,2013-07-01,4607.8,2013-07-01,1679807.0,2013-07-01,7.3
2013-10-01,0.09,2013-10-01,2.28,,,2013-10-01,233.669,2013-10-01,-3.0716575,2013-10-01,237782.0,2013-10-01,18016.147,2013-10-01,202.5,2013-10-01,4696.5,2013-10-01,1707839.0,2013-10-01,7.2
2014-01-01,0.07,2014-01-01,2.46,,,2014-01-01,235.288,2014-01-01,-2.75323,2014-01-01,230634.0,2014-01-01,17953.974,2014-01-01,203.8,2014-01-01,4725.1,2014-01-01,1732857.0,2014-01-01,6.6
2014-04-01,0.09,2014-04-01,2.29,,,2014-04-01,236.468,2014-04-01,-2.6688575,2014-04-01,236719.0,2014-04-01,18185.911,2014-04-01,208.3,2014-04-01,4763.4,2014-04-01,1757356.0,2014-04-01,6.2
2014-07-01,0.09,2014-07-01,2.04,,,2014-07-01,237.498,2014-07-01,-2.584485,2014-07-01,257399.0,2014-07-01,18406.941,2014-07-01,208.0,2014-07-01,4816.2,2014-07-01,1774651.0,2014-07-01,6.2
2014-10-01,0.1,2014-10-01,1.86,,,2014-10-01,237.43,2014-10-01,-2.5001125,2014-10-01,228477.0,2014-10-01,18500.031,2014-10-01,203.4,2014-10-01,4876.2,2014-10-01,1786464.0,2014-10-01,5.7
2015-01-01,0.11,2015-01-01,1.33,,,2015-01-01,234.747,2015-01-01,-2.41574,2015-01-01,224724.0,2015-01-01,18666.621,2015-01-01,192.0,2015-01-01,5021.9,2015-01-01,1789515.0,2015-01-01,5.7
2015-04-01,0.13,2015-04-01,1.4,,,2015-04-01,236.222,2015-04-01,-2.5890625,2015-04-01,224601.0,2015-04-01,18782.243,2015-04-01,190.9,2015-04-01,5053.6,2015-04-01,1804475.0,2015-04-01,5.4
2015-07-01,0.13,2015-07-01,1.66,,,2015-07-01,238.034,2015-07-01,-2.762385,2015-07-01,222791.0,2015-07-01,18857.418,2015-07-01,193.9,2015-07-01,5062.0,2015-07-01,1820678.0,2015-07-01,5.2
2015-10-01,0.16,2015-10-01,1.43,,,2015-10-01,237.733,2015-10-01,-2.9357075000000004,2015-10-01,222280.0,2015-10-01,18892.206,2015-10-01,187.5,2015-10-01,5134.4,2015-10-01,1829859.0,2015-10-01,5.0
2016-01-01,0.36,2016-01-01,1.19,,,2016-01-01,237.652,2016-01-01,-3.10903,2016-01-01,221765.0,2016-01-01,19001.69,2016-01-01,182.6,2016-01-01,5262.3,2016-01-01,1822766.0,2016-01-01,4.8
2016-04-01,0.37,2016-04-01,1.04,,,2016-04-01,238.992,2016-04-01,-3.1800375,2016-04-01,220157.0,2016-04-01,19062.709,2016-04-01,183.2,2016-04-01,5317.3,2016-04-01,1829532.0,2016-04-01,5.1
2016-07-01,0.39,2016-07-01,0.83,,,2016-07-01,240.101,2016-07-01,-3.2510450000000004,2016-07-01,216896.0,2016-07-01,19197.938,2016-07-01,187.7,2016-07-01,5368.4,2016-07-01,1836873.0,2016-07-01,4.8
2016-10-01,0.45,2016-10-01,0.92,,,2016-10-01,241.741,2016-10-01,-3.3220525000000003,2016-10-01,222707.0,2016-10-01,19304.352,2016-10-01,186.7,2016-10-01,5422.1,2016-10-01,1841542.0,2016-10-01,4.9
2017-01-01,0.7,2017-01-01,1.23,,,2017-01-01,243.618,2017-01-01,-3.39306,2017-01-01,221598.0,2017-01-01,19398.343,2017-01-01,190.7,2017-01-01,5459.7,2017-01-01,1861290.0,2017-01-01,4.7
2017-04-01,0.95,2017-04-01,1.06,,,2017-04-01,244.193,2017-04-01,-3.4876875000000003,2017-04-01,228050.0,2017-04-01,19506.949,2017-04-01,193.0,2017-04-01,5522.1,2017-04-01,1866023.0,2017-04-01,4.4
2017-07-01,1.15,2017-07-01,0.95,,,2017-07-01,244.243,2017-07-01,-3.5823150000000004,2017-07-01,222762.0,2017-07-01,19660.766,2017-07-01,193.5,2017-07-01,5574.5,2017-07-01,1885696.0,2017-07-01,4.3
2017-10-01,1.2,2017-10-01,0.81,,,2017-10-01,246.626,2017-10-01,-3.6769425,2017-10-01,232689.0,2017-10-01,19882.352,2017-10-01,194.9,2017-10-01,5588.3,2017-10-01,1900768.0,2017-10-01,4.2
2018-01-01,1.45,2018-01-01,0.55,,,2018-01-01,248.859,2018-01-01,-3.77157,2018-01-01,235219.0,2018-01-01,20044.077,2018-01-01,197.9,2018-01-01,5578.7,2018-01-01,1925945.0,2018-01-01,4.0
2018-04-01,1.74,2018-04-01,0.48,,,2018-04-01,250.227,2018-04-01,-3.9702625,2018-04-01,241297.0,2018-04-01,20150.476,2018-04-01,200.3,2018-04-01,5592.5,2018-04-01,1939183.0,2018-04-01,4.0
2018-07-01,1.93,2018-07-01,0.28,,,2018-07-01,251.214,2018-07-01,-4.168955,2018-07-01,240537.0,2018-07-01,20276.154,2018-07-01,204.3,2018-07-01,5630.3,2018-07-01,1956703.0,2018-07-01,3.8
2018-10-01,2.22,2018-10-01,0.29,,,2018-10-01,252.772,2018-10-01,-4.3676475,2018-10-01,236051.0,2018-10-01,20304.874,2018-10-01,204.6,2018-10-01,5634.1,2018-10-01,1988115.0,2018-10-01,3.8
2019-01-01,2.4,2019-01-01,0.17,,,2019-01-01,252.561,2019-01-01,-4.56634,2019-01-01,232531.0,2019-01-01,20431.641,2019-01-01,199.1,2019-01-01,5719.8,2019-01-01,2016358.0,2019-01-01,4.0
2019-04-01,2.4,2019-04-01,0.19,,,2019-04-01,255.233,2019-04-01,-7.09203,2019-04-01,222869.0,2019-04-01,20602.275,2019-04-01,202.1,2019-04-01,5702.4,2019-04-01,2033324.0,2019-04-01,3.7
2019-07-01,2.19,2019-07-01,0.22,,,2019-07-01,255.802,2019-07-01,-9.61772,2019-07-01,224338.0,2019-07-01,20843.322,2019-07-01,200.7,2019-07-01,5806.6,2019-07-01,2046137.0,2019-07-01,3.7
2019-10-01,1.65,2019-10-01,0.16,,,2019-10-01,257.155,2019-10-01,-12.14341,2019-10-01,217413.0,2019-10-01,20985.448,2019-10-01,198.6,2019-10-01,5898.1,2019-10-01,2045691.0,2019-10-01,3.6
2020-01-01,1.25,2020-01-01,0.24,,,2020-01-01,259.127,2020-01-01,-14.6691,2020-01-01,222168.0,2020-01-01,20693.238,2020-01-01,199.3,2020-01-01,5949.5,2020-01-01,2036248.0,2020-01-01,3.6
2020-04-01,0.06,2020-04-01,0.43,,,2020-04-01,256.032,2020-04-01,-13.9317375,2020-04-01,179167.0,2020-04-01,19056.617,2020-04-01,185.5,2020-04-01,6642.1,2020-04-01,1987957.0,2020-04-01,14.8
2020-07-01,0.09,2020-07-01,0.48,,,2020-07-01,258.352,2020-07-01,-13.194375,2020-07-01,221904.0,2020-07-01,20548.793,2020-07-01,193.0,2020-07-01,7082.6,2020-07-01,1922510.0,2020-07-01,10.2
2020-10-01,0.09,2020-10-01,0.64,,,2020-10-01,260.319,2020-10-01,-12.4570125,2020-10-01,232245.0,2020-10-01,20771.691,2020-10-01,196.5,2020-10-01,7203.2,2020-10-01,1967170.0,2020-10-01,6.9
2021-01-01,0.08,2021-01-01,0.95,,,2021-01-01,262.639,2021-01-01,-11.71965,2021-01-01,246963.0,2021-01-01,21058.379,2021-01-01,204.8,2021-01-01,7371.2,2021-01-01,2009735.0,2021-01-01,6.4
2021-04-01,0.07,2021-04-01,1.47,,,2021-04-01,266.625,2021-04-01,-10.1123875,2021-04-01,248321.0,2021-04-01,21389.005,2021-04-01,217.9,2021-04-01,7561.4,2021-04-01,2030487.0,2021-04-01,6.1
2021-07-01,0.09,2021-07-01,1.1,,,2021-07-01,271.965,2021-07-01,-8.505125,2021-07-01,255090.0,2021-07-01,21571.421,2021-07-01,231.85,2021-07-01,7585.1,2021-07-01,2090771.0,2021-07-01,5.4
2021-10-01,0.08,2021-10-01,1.19,,,2021-10-01,276.528,2021-10-01,-6.8978625000000005,2021-10-01,262801.0,2021-10-01,21960.388,2021-10-01,240.465,2021-10-01,7645.8,2021-10-01,2166413.0,2021-10-01,4.5
2022-01-01,0.12,2022-01-01,0.78,,,2022-01-01,282.542,2022-01-01,-5.2906,2022-01-01,272377.0,2022-01-01,21903.85,2022-01-01,246.453,2022-01-01,7639.9,2022-01-01,2294357.0,2022-01-01,4.0
2022-04-01,0.77,2022-04-01,0.21,,,2022-04-01,288.582,2022-04-01,-5.4968075,2022-04-01,272220.0,2022-04-01,21919.222,2022-04-01,265.31,2022-04-01,7536.7,2022-04-01,2408435.0,2022-04-01,3.7
2022-07-01,2.18,2022-07-01,-0.14,,,2022-07-01,294.94,2022-07-01,-5.703015000000001,2022-07-01,274943.0,2022-07-01,22066.784,2022-07-01,272.274,2022-07-01,7337.7,2022-07-01,2493530.0,2022-07-01,3.5
2022-10-01,3.65,2022-10-01,-0.39,,,2022-10-01,297.979,2022-10-01,-5.9092225,2022-10-01,277106.0,2022-10-01,22249.459,2022-10-01,265.061,2022-10-01,7190.0,2022-10-01,2520491.0,2022-10-01,3.6
2023-01-01,4.51,2023-01-01,-0.68,,,2023-01-01,300.456,2023-01-01,-6.11543,2023-01-01,278625.0,2023-01-01,22403.435,2023-01-01,260.227,2023-01-01,7057.6,2023-01-01,2527240.0,2023-01-01,3.5
2023-04-01,4.99,2023-04-01,-0.56,,,2023-04-01,302.858,2023-04-01,-6.1565775,2023-04-01,289636.0,2023-04-01,22539.418,2023-04-01,256.908,2023-04-01,6844.8,2023-04-01,2520942.0,2023-04-01,3.4
2023-07-01,5.26,2023-07-01,-0.93,,,2023-07-01,304.615,2023-07-01,-6.197725,2023-07-01,287342.0,2023-07-01,22780.933,2023-07-01,253.835,2023-07-01,6819.2,2023-07-01,2511946.0,2023-07-01,3.5
2023-10-01,5.33,2023-10-01,-0.27,,,2023-10-01,307.653,2023-10-01,-6.2388725,2023-10-01,289019.0,2023-10-01,22960.6,2023-10-01,255.192,2023-10-01,6724.2,2023-10-01,2526532.0,2023-10-01,3.9
2024-01-01,5.33,2024-01-01,-0.26,,,2024-01-01,309.794,2024-01-01,-6.28002,2024-01-01,279500.0,2024-01-01,23053.545,2024-01-01,251.306,2024-01-01,6705.5,2024-01-01,2533439.0,2024-01-01,3.7
2024-04-01,5.33,2024-04-01,-0.33,,,2024-04-01,313.016,,,2024-04-01,276422.0,2024-04-01,23223.906,2024-04-01,256.978,2024-04-01,6687.5,2024-04-01,2546223.0,2024-04-01,3.9
2024-07-01,5.26,2024-07-01,-0.25,,,2024-07-01,313.566,,,2024-07-01,287427.0,2024-07-01,23400.294,2024-07-01,257.321,2024-07-01,6728.5,2024-07-01,2574892.0,2024-07-01,4.2
2024-10-01,4.65,2024-10-01,0.12,,,2024-10-01,315.564,,,2024-10-01,282571.0,2024-10-01,23542.349,2024-10-01,253.081,2024-10-01,6761.1,2024-10-01,2585582.0,2024-10-01,4.1
2025-01-01,4.33,2025-01-01,0.36,,,2025-01-01,319.086,,,2025-01-01,,,,2025-01-01,257.202,2025-01-01,6762.2,2025-01-01,2591890.0,2025-01-01,4.0
